0,1.06E+00
1,1.06E+00
2,1.06E+00
3,1.04E+00
4,1.03E+00
5,1.07E+00
6,1.07E+00
7,1.06E+00
8,1.06E+00
9,1.06E+00
10,1.06E+00
11,1.06E+00
12,1.09E+00
13,1.07E+00
14,1.06E+00
15,1.04E+00
16,1.03E+00
17,1.03E+00
18,1.03E+00
19,1.04E+00
20,1.04E+00
21,1.04E+00
22,1.03E+00
23,1.01E+00
24,1.00E+00
25,1.00E+00
26,1.00E+00
27,1.00E+00
28,1.01E+00
29,1.03E+00
30,1.04E+00
31,1.04E+00
32,1.04E+00
33,1.04E+00
34,1.03E+00
35,1.03E+00
36,1.04E+00
37,1.06E+00
38,1.06E+00
39,1.06E+00
40,1.06E+00
41,1.06E+00
42,1.06E+00
43,1.06E+00
44,1.06E+00
45,1.07E+00
46,1.07E+00
47,1.07E+00
48,1.07E+00
49,1.06E+00
50,1.04E+00
51,1.04E+00
52,1.06E+00
53,1.06E+00
54,1.07E+00
55,1.07E+00
56,1.07E+00
57,1.07E+00
58,1.06E+00
59,1.06E+00
60,1.06E+00
61,1.06E+00
62,1.06E+00
63,1.06E+00
64,1.04E+00
65,1.03E+00
66,1.03E+00
67,1.01E+00
68,1.00E+00
69,1.00E+00
70,1.03E+00
71,1.01E+00
72,1.01E+00
73,1.03E+00
74,1.01E+00
75,1.03E+00
76,1.03E+00
77,1.04E+00
78,1.07E+00
79,1.09E+00
80,1.09E+00
81,1.07E+00
82,1.06E+00
83,1.04E+00
84,1.04E+00
85,1.04E+00
86,1.04E+00
87,1.04E+00
88,1.06E+00
89,1.04E+00
90,1.03E+00
91,1.01E+00
92,1.00E+00
93,1.00E+00
94,1.01E+00
95,1.01E+00
96,1.03E+00
97,1.03E+00
98,1.03E+00
99,1.03E+00
100,1.01E+00
101,1.03E+00
102,1.04E+00
103,1.07E+00
104,1.09E+00
105,1.09E+00
106,1.09E+00
107,1.06E+00
108,1.06E+00
109,1.06E+00
110,1.06E+00
111,1.06E+00
112,1.06E+00
113,1.06E+00
114,1.06E+00
115,1.06E+00
116,1.06E+00
117,1.04E+00
118,1.03E+00
119,1.03E+00
120,1.03E+00
121,1.03E+00
122,1.03E+00
123,1.04E+00
124,1.01E+00
125,1.00E+00
126,1.00E+00
127,1.01E+00
128,1.01E+00
129,1.03E+00
130,1.03E+00
131,1.03E+00
132,1.01E+00
133,1.01E+00
134,1.01E+00
135,1.01E+00
136,1.03E+00
137,1.04E+00
138,1.06E+00
139,1.04E+00
140,1.04E+00
141,1.04E+00
142,1.04E+00
143,1.06E+00
144,1.07E+00
145,1.07E+00
146,1.09E+00
147,1.07E+00
148,1.07E+00
149,1.06E+00
150,1.06E+00
151,1.06E+00
152,1.06E+00
153,1.07E+00
154,1.07E+00
155,1.09E+00
156,1.07E+00
157,1.07E+00
158,1.06E+00
159,1.04E+00
160,1.04E+00
161,1.06E+00
162,1.06E+00
163,1.06E+00
164,1.06E+00
165,1.06E+00
166,1.06E+00
167,1.06E+00
168,1.06E+00
169,1.06E+00
170,1.07E+00
171,1.07E+00
172,1.09E+00
173,1.09E+00
174,1.07E+00
175,1.06E+00
176,1.06E+00
177,1.04E+00
178,1.03E+00
179,1.03E+00
180,1.04E+00
181,1.04E+00
182,1.03E+00
183,1.01E+00
184,1.00E+00
185,1.01E+00
186,1.01E+00
187,1.03E+00
188,1.03E+00
189,1.03E+00
190,1.03E+00
191,1.00E+00
192,1.00E+00
193,1.00E+00
194,1.01E+00
195,1.03E+00
196,1.03E+00
197,1.03E+00
198,1.03E+00
199,1.03E+00
200,1.03E+00
201,1.03E+00
202,1.04E+00
203,1.06E+00
204,1.07E+00
205,1.07E+00
206,1.07E+00
207,1.07E+00
208,1.06E+00
209,1.06E+00
210,1.06E+00
211,1.06E+00
212,1.06E+00
213,1.07E+00
214,1.06E+00
215,1.04E+00
216,1.03E+00
217,1.01E+00
218,1.01E+00
219,1.03E+00
220,1.03E+00
221,1.03E+00
222,1.03E+00
223,1.03E+00
224,1.01E+00
225,1.01E+00
226,1.00E+00
227,1.00E+00
228,1.01E+00
229,1.01E+00
230,1.01E+00
231,1.01E+00
232,1.01E+00
233,1.00E+00
234,1.00E+00
235,1.00E+00
236,1.01E+00
237,1.03E+00
238,1.04E+00
239,1.04E+00
240,1.03E+00
241,1.03E+00
242,1.03E+00
243,1.03E+00
244,1.04E+00
245,1.06E+00
246,1.06E+00
247,1.06E+00
248,1.06E+00
249,1.04E+00
250,1.04E+00
251,1.04E+00
252,1.04E+00
253,1.06E+00
254,1.06E+00
255,1.06E+00
256,1.06E+00
257,1.04E+00
258,1.03E+00
259,1.03E+00
260,1.01E+00
261,1.03E+00
262,1.03E+00
263,1.03E+00
264,1.03E+00
265,1.01E+00
266,1.00E+00
267,1.00E+00
268,1.00E+00
269,1.00E+00
270,1.01E+00
271,1.03E+00
272,1.03E+00
273,1.01E+00
274,1.01E+00
275,1.01E+00
276,1.01E+00
277,1.03E+00
278,1.04E+00
279,1.06E+00
280,1.07E+00
281,1.07E+00
282,1.07E+00
283,1.06E+00
284,1.06E+00
285,1.06E+00
286,1.06E+00
287,1.07E+00
288,1.06E+00
289,1.06E+00
290,1.04E+00
291,1.03E+00
292,1.01E+00
293,1.01E+00
294,1.01E+00
295,1.03E+00
296,1.03E+00
297,1.03E+00
298,1.01E+00
299,1.01E+00
300,1.00E+00
301,1.01E+00
302,1.01E+00
303,1.03E+00
304,1.03E+00
305,1.04E+00
306,1.03E+00
307,1.03E+00
308,1.03E+00
309,1.03E+00
310,1.03E+00
311,1.04E+00
312,1.06E+00
313,1.06E+00
314,1.06E+00
315,1.06E+00
316,1.04E+00
317,1.04E+00
318,1.03E+00
319,1.01E+00
320,1.03E+00
321,1.06E+00
322,1.07E+00
323,1.06E+00
324,1.03E+00
325,1.01E+00
326,1.01E+00
327,1.01E+00
328,1.03E+00
329,1.04E+00
330,1.03E+00
331,1.01E+00
332,1.01E+00
333,1.00E+00
334,1.00E+00
335,1.04E+00
336,1.07E+00
337,1.06E+00
338,1.04E+00
339,1.03E+00
340,1.03E+00
341,1.03E+00
342,1.06E+00
343,1.06E+00
344,1.04E+00
345,1.03E+00
346,1.03E+00
347,1.03E+00
348,1.03E+00
349,1.03E+00
350,1.01E+00
351,1.03E+00
352,1.04E+00
353,1.06E+00
354,1.06E+00
355,1.07E+00
356,1.07E+00
357,1.04E+00
358,1.01E+00
359,1.01E+00
360,1.01E+00
361,1.03E+00
362,1.03E+00
363,1.04E+00
364,1.04E+00
365,1.03E+00
366,1.03E+00
367,1.01E+00
368,1.03E+00
369,1.03E+00
370,1.03E+00
371,1.04E+00
372,1.04E+00
373,1.04E+00
374,1.03E+00
375,1.03E+00
376,1.03E+00
377,1.06E+00
378,1.07E+00
379,1.09E+00
380,1.09E+00
381,1.09E+00
382,1.06E+00
383,1.04E+00
384,1.03E+00
385,1.03E+00
386,1.03E+00
387,1.03E+00
388,1.09E+00
389,1.04E+00
390,1.07E+00
391,1.07E+00
392,1.07E+00
393,1.07E+00
394,1.07E+00
395,1.06E+00
396,1.06E+00
397,1.07E+00
398,1.07E+00
399,1.06E+00
400,1.03E+00
401,1.01E+00
402,1.01E+00
403,1.04E+00
404,1.07E+00
405,1.10E+00
406,1.09E+00
407,1.07E+00
408,1.06E+00
409,1.06E+00
410,1.04E+00
411,1.06E+00
412,1.09E+00
413,1.07E+00
414,1.07E+00
415,1.03E+00
416,1.03E+00
417,1.06E+00
418,1.01E+00
419,1.01E+00
420,1.06E+00
421,1.07E+00
422,1.04E+00
423,1.03E+00
424,1.03E+00
425,1.04E+00
426,1.04E+00
427,1.06E+00
428,1.06E+00
429,1.06E+00
430,1.06E+00
431,1.06E+00
432,1.07E+00
433,1.04E+00
434,1.00E+00
435,1.03E+00
436,1.07E+00
437,1.07E+00
438,1.07E+00
439,1.06E+00
440,1.04E+00
441,1.03E+00
442,1.01E+00
443,1.01E+00
444,1.01E+00
445,1.03E+00
446,1.04E+00
447,1.06E+00
448,1.06E+00
449,1.04E+00
450,1.06E+00
451,1.06E+00
452,1.07E+00
453,1.07E+00
454,1.09E+00
455,1.09E+00
456,1.07E+00
457,1.07E+00
458,1.06E+00
459,1.06E+00
460,1.06E+00
461,1.06E+00
462,1.06E+00
463,1.07E+00
464,1.07E+00
465,1.07E+00
466,1.06E+00
467,1.06E+00
468,1.06E+00
469,1.06E+00
470,1.07E+00
471,1.07E+00
472,1.09E+00
473,1.07E+00
474,1.06E+00
475,1.06E+00
476,1.04E+00
477,1.06E+00
478,1.07E+00
479,1.06E+00
480,1.07E+00
481,1.07E+00
482,1.06E+00
483,1.04E+00
484,1.04E+00
485,1.03E+00
486,1.03E+00
487,1.04E+00
488,1.04E+00
489,1.03E+00
490,1.03E+00
491,1.01E+00
492,1.00E+00
493,1.01E+00
494,1.04E+00
495,1.06E+00
496,1.07E+00
497,1.07E+00
498,1.07E+00
499,1.07E+00
500,1.06E+00
501,1.04E+00
502,1.06E+00
503,1.04E+00
504,1.04E+00
505,1.04E+00
506,1.03E+00
507,1.03E+00
508,1.01E+00
509,1.00E+00
510,1.01E+00
511,1.01E+00
512,1.03E+00
513,1.03E+00
514,1.03E+00
515,1.03E+00
516,1.01E+00
517,1.00E+00
518,1.01E+00
519,1.01E+00
520,1.03E+00
521,1.03E+00
522,1.04E+00
523,1.04E+00
524,1.03E+00
525,1.03E+00
526,1.03E+00
527,1.01E+00
528,1.04E+00
529,1.04E+00
530,1.04E+00
531,1.03E+00
532,1.03E+00
533,1.01E+00
534,1.01E+00
535,1.01E+00
536,1.01E+00
537,1.03E+00
538,1.04E+00
539,1.04E+00
540,1.04E+00
541,1.03E+00
542,1.03E+00
543,1.03E+00
544,1.04E+00
545,1.06E+00
546,1.06E+00
547,1.06E+00
548,1.06E+00
549,1.04E+00
550,1.04E+00
551,1.03E+00
552,1.06E+00
553,1.06E+00
554,1.07E+00
555,1.07E+00
556,1.07E+00
557,1.07E+00
558,1.06E+00
559,1.04E+00
560,1.06E+00
561,1.06E+00
562,1.07E+00
563,1.07E+00
564,1.07E+00
565,1.07E+00
566,1.06E+00
567,1.06E+00
568,1.06E+00
569,1.06E+00
570,1.07E+00
571,1.09E+00
572,1.09E+00
573,1.09E+00
574,1.07E+00
575,1.06E+00
576,1.06E+00
577,1.07E+00
578,1.09E+00
579,1.09E+00
580,1.09E+00
581,1.09E+00
582,1.07E+00
583,1.06E+00
584,1.06E+00
585,1.06E+00
586,1.07E+00
587,1.09E+00
588,1.09E+00
589,1.09E+00
590,1.07E+00
591,1.06E+00
592,1.04E+00
593,1.04E+00
594,1.04E+00
595,1.04E+00
596,1.06E+00
597,1.06E+00
598,1.04E+00
599,1.03E+00
600,1.01E+00
601,1.01E+00
602,1.01E+00
603,1.04E+00
604,1.04E+00
605,1.06E+00
606,1.04E+00
607,1.03E+00
608,1.01E+00
609,1.01E+00
610,1.01E+00
611,1.01E+00
612,1.03E+00
613,1.04E+00
614,1.03E+00
615,1.03E+00
616,1.01E+00
617,1.00E+00
618,1.00E+00
619,1.01E+00
620,1.03E+00
621,1.03E+00
622,1.03E+00
623,1.03E+00
624,1.01E+00
625,1.01E+00
626,1.01E+00
627,1.03E+00
628,1.04E+00
629,1.06E+00
630,1.07E+00
631,1.07E+00
632,1.06E+00
633,1.06E+00
634,1.06E+00
635,1.06E+00
636,1.07E+00
637,1.09E+00
638,1.09E+00
639,1.09E+00
640,1.07E+00
641,1.06E+00
642,1.04E+00
643,1.06E+00
644,1.06E+00
645,1.07E+00
646,1.07E+00
647,1.09E+00
648,1.07E+00
649,1.06E+00
650,1.06E+00
651,1.06E+00
652,1.06E+00
653,1.06E+00
654,1.07E+00
655,1.07E+00
656,1.06E+00
657,1.04E+00
658,1.03E+00
659,1.01E+00
660,1.01E+00
661,1.01E+00
662,1.03E+00
663,1.04E+00
664,1.04E+00
665,1.03E+00
666,1.03E+00
667,1.03E+00
668,1.04E+00
669,1.06E+00
670,1.07E+00
671,1.07E+00
672,1.09E+00
673,1.07E+00
674,1.06E+00
675,1.06E+00
676,1.06E+00
677,1.07E+00
678,1.07E+00
679,1.07E+00
680,1.09E+00
681,1.07E+00
682,1.06E+00
683,1.06E+00
684,1.04E+00
685,1.04E+00
686,1.04E+00
687,1.04E+00
688,1.06E+00
689,1.04E+00
690,1.03E+00
691,1.01E+00
692,1.00E+00
693,1.00E+00
694,1.01E+00
695,1.04E+00
696,1.06E+00
697,1.07E+00
698,1.07E+00
699,1.06E+00
700,1.06E+00
701,1.04E+00
702,1.03E+00
703,1.03E+00
704,1.03E+00
705,1.03E+00
706,1.03E+00
707,1.03E+00
708,1.03E+00
709,1.03E+00
710,1.04E+00
711,1.06E+00
712,1.07E+00
713,1.07E+00
714,1.07E+00
715,1.06E+00
716,1.03E+00
717,1.01E+00
718,1.01E+00
719,1.01E+00
720,1.01E+00
721,1.01E+00
722,1.03E+00
723,1.03E+00
724,1.03E+00
725,1.03E+00
726,1.04E+00
727,1.04E+00
728,1.07E+00
729,1.07E+00
730,1.09E+00
731,1.07E+00
732,1.04E+00
733,1.01E+00
734,1.00E+00
735,1.00E+00
736,1.01E+00
737,1.03E+00
738,1.04E+00
739,1.06E+00
740,1.06E+00
741,1.06E+00
742,1.04E+00
743,1.04E+00
744,1.01E+00
745,1.01E+00
746,1.01E+00
747,1.03E+00
748,1.03E+00
749,1.03E+00
750,1.04E+00
751,1.04E+00
752,1.04E+00
753,1.06E+00
754,1.04E+00
755,1.04E+00
756,1.03E+00
757,1.00E+00
758,1.00E+00
759,1.01E+00
760,1.03E+00
761,1.06E+00
762,1.07E+00
763,1.06E+00
764,1.04E+00
765,1.03E+00
766,1.00E+00
767,1.00E+00
768,1.00E+00
769,1.01E+00
770,1.04E+00
771,1.07E+00
772,1.07E+00
773,1.06E+00
774,1.06E+00
775,1.03E+00
776,1.01E+00
777,1.00E+00
778,1.01E+00
779,1.01E+00
780,1.03E+00
781,1.04E+00
782,1.04E+00
783,1.04E+00
784,1.04E+00
785,1.06E+00
786,1.06E+00
787,1.06E+00
788,1.04E+00
789,1.03E+00
790,1.01E+00
791,1.00E+00
792,1.00E+00
793,1.01E+00
794,1.04E+00
795,1.07E+00
796,1.07E+00
797,1.06E+00
798,1.04E+00
799,1.01E+00
800,1.00E+00
801,9.84E-01
802,1.01E+00
803,1.06E+00
804,1.07E+00
805,1.07E+00
806,1.04E+00
807,1.03E+00
808,1.00E+00
809,1.00E+00
810,1.03E+00
811,1.06E+00
812,1.07E+00
813,1.06E+00
814,1.01E+00
815,1.00E+00
816,1.03E+00
817,1.04E+00
818,1.04E+00
819,1.03E+00
820,1.01E+00
821,1.01E+00
822,1.04E+00
823,1.06E+00
824,1.06E+00
825,1.03E+00
826,1.00E+00
827,1.00E+00
828,1.01E+00
829,1.06E+00
830,1.07E+00
831,1.06E+00
832,1.03E+00
833,1.00E+00
834,9.68E-01
835,1.00E+00
836,1.01E+00
837,1.06E+00
838,1.07E+00
839,1.06E+00
840,1.03E+00
841,1.00E+00
842,9.84E-01
843,1.00E+00
844,1.04E+00
845,1.07E+00
846,1.07E+00
847,1.06E+00
848,1.03E+00
849,1.00E+00
850,9.84E-01
851,1.00E+00
852,1.03E+00
853,1.06E+00
854,1.07E+00
855,1.07E+00
856,1.04E+00
857,1.01E+00
858,1.00E+00
859,1.00E+00
860,1.00E+00
861,1.03E+00
862,1.07E+00
863,1.07E+00
864,1.06E+00
865,1.03E+00
866,1.00E+00
867,9.84E-01
868,1.00E+00
869,1.03E+00
870,1.06E+00
871,1.07E+00
872,1.06E+00
873,1.04E+00
874,1.00E+00
875,9.84E-01
876,1.00E+00
877,1.03E+00
878,1.06E+00
879,1.07E+00
880,1.06E+00
881,1.01E+00
882,1.00E+00
883,1.00E+00
884,1.03E+00
885,1.06E+00
886,1.06E+00
887,1.04E+00
888,1.01E+00
889,1.01E+00
890,1.01E+00
891,1.04E+00
892,1.04E+00
893,1.04E+00
894,1.01E+00
895,1.01E+00
896,1.01E+00
897,1.03E+00
898,1.06E+00
899,1.06E+00
900,1.03E+00
901,1.00E+00
902,9.84E-01
903,1.00E+00
904,1.04E+00
905,1.07E+00
906,1.07E+00
907,1.04E+00
908,1.00E+00
909,9.84E-01
910,1.00E+00
911,1.03E+00
912,1.06E+00
913,1.07E+00
914,1.07E+00
915,1.03E+00
916,1.00E+00
917,9.84E-01
918,1.00E+00
919,1.01E+00
920,1.06E+00
921,1.07E+00
922,1.07E+00
923,1.06E+00
924,1.03E+00
925,1.00E+00
926,9.84E-01
927,9.84E-01
928,1.01E+00
929,1.04E+00
930,1.07E+00
931,1.07E+00
932,1.06E+00
933,1.01E+00
934,9.84E-01
935,9.84E-01
936,1.00E+00
937,1.04E+00
938,1.07E+00
939,1.07E+00
940,1.03E+00
941,1.00E+00
942,9.84E-01
943,1.00E+00
944,1.04E+00
945,1.07E+00
946,1.04E+00
947,1.01E+00
948,1.01E+00
949,1.01E+00
950,1.04E+00
951,1.06E+00
952,1.03E+00
953,1.00E+00
954,1.00E+00
955,1.03E+00
956,1.06E+00
957,1.06E+00
958,1.03E+00
959,1.00E+00
960,9.84E-01
961,1.01E+00
962,1.06E+00
963,1.09E+00
964,1.07E+00
965,1.03E+00
966,1.00E+00
967,9.68E-01
968,9.84E-01
969,1.03E+00
970,1.07E+00
971,1.07E+00
972,1.06E+00
973,1.03E+00
974,9.84E-01
975,9.84E-01
976,1.01E+00
977,1.04E+00
978,1.06E+00
979,1.06E+00
980,1.01E+00
981,1.00E+00
982,1.01E+00
983,1.04E+00
984,1.04E+00
985,1.03E+00
986,1.01E+00
987,1.00E+00
988,1.01E+00
989,1.06E+00
990,1.07E+00
991,1.04E+00
992,1.00E+00
993,9.84E-01
994,9.84E-01
995,1.03E+00
996,1.07E+00
997,1.07E+00
998,1.04E+00
999,1.00E+00
1000,9.68E-01
1001,1.00E+00
1002,1.04E+00
1003,1.07E+00
1004,1.06E+00
1005,1.03E+00
1006,1.00E+00
1007,1.00E+00
1008,1.01E+00
1009,1.04E+00
1010,1.06E+00
1011,1.04E+00
1012,1.01E+00
1013,1.00E+00
1014,1.03E+00
1015,1.06E+00
1016,1.06E+00
1017,1.03E+00
1018,9.84E-01
1019,9.84E-01
1020,1.01E+00
1021,1.06E+00
1022,1.09E+00
1023,1.06E+00
1024,1.01E+00
1025,9.84E-01
1026,9.84E-01
1027,1.03E+00
1028,1.07E+00
1029,1.07E+00
1030,1.03E+00
1031,9.84E-01
1032,1.01E+00
1033,1.03E+00
1034,1.06E+00
1035,1.03E+00
1036,1.00E+00
1037,1.00E+00
1038,1.04E+00
1039,1.07E+00
1040,1.06E+00
1041,1.00E+00
1042,9.68E-01
1043,1.00E+00
1044,1.04E+00
1045,1.09E+00
1046,1.04E+00
1047,1.00E+00
1048,1.00E+00
1049,1.03E+00
1050,1.06E+00
1051,1.04E+00
1052,1.01E+00
1053,9.84E-01
1054,1.01E+00
1055,1.06E+00
1056,1.09E+00
1057,1.06E+00
1058,1.00E+00
1059,9.68E-01
1060,9.84E-01
1061,1.04E+00
1062,1.09E+00
1063,1.07E+00
1064,1.03E+00
1065,9.84E-01
1066,9.84E-01
1067,1.03E+00
1068,1.06E+00
1069,1.06E+00
1070,1.04E+00
1071,1.00E+00
1072,1.00E+00
1073,1.03E+00
1074,1.06E+00
1075,1.06E+00
1076,1.04E+00
1077,1.01E+00
1078,9.84E-01
1079,1.00E+00
1080,1.04E+00
1081,1.07E+00
1082,1.07E+00
1083,1.03E+00
1084,9.84E-01
1085,9.68E-01
1086,1.01E+00
1087,1.06E+00
1088,1.09E+00
1089,1.06E+00
1090,1.01E+00
1091,9.84E-01
1092,9.84E-01
1093,1.04E+00
1094,1.07E+00
1095,1.06E+00
1096,1.00E+00
1097,1.00E+00
1098,1.04E+00
1099,1.07E+00
1100,1.04E+00
1101,9.84E-01
1102,9.68E-01
1103,1.04E+00
1104,1.09E+00
1105,1.06E+00
1106,1.00E+00
1107,9.84E-01
1108,1.03E+00
1109,1.06E+00
1110,1.04E+00
1111,9.84E-01
1112,9.84E-01
1113,1.03E+00
1114,1.07E+00
1115,1.09E+00
1116,1.04E+00
1117,9.84E-01
1118,9.68E-01
1119,1.01E+00
1120,1.07E+00
1121,1.09E+00
1122,1.07E+00
1123,1.01E+00
1124,9.68E-01
1125,9.84E-01
1126,1.01E+00
1127,1.07E+00
1128,1.07E+00
1129,1.04E+00
1130,1.00E+00
1131,9.84E-01
1132,1.01E+00
1133,1.06E+00
1134,1.07E+00
1135,1.04E+00
1136,1.00E+00
1137,1.00E+00
1138,1.03E+00
1139,1.07E+00
1140,1.09E+00
1141,1.06E+00
1142,9.84E-01
1143,9.68E-01
1144,1.00E+00
1145,1.07E+00
1146,1.10E+00
1147,1.07E+00
1148,1.01E+00
1149,9.68E-01
1150,1.01E+00
1151,1.07E+00
1152,1.07E+00
1153,1.03E+00
1154,9.84E-01
1155,1.01E+00
1156,1.07E+00
1157,1.10E+00
1158,1.04E+00
1159,1.00E+00
1160,9.68E-01
1161,1.01E+00
1162,1.09E+00
1163,1.10E+00
1164,1.06E+00
1165,1.00E+00
1166,9.68E-01
1167,1.01E+00
1168,1.06E+00
1169,1.09E+00
1170,1.06E+00
1171,1.01E+00
1172,9.84E-01
1173,1.00E+00
1174,1.06E+00
1175,1.07E+00
1176,1.04E+00
1177,1.01E+00
1178,9.68E-01
1179,1.00E+00
1180,1.04E+00
1181,1.09E+00
1182,1.09E+00
1183,1.03E+00
1184,9.68E-01
1185,9.53E-01
1186,1.00E+00
1187,1.07E+00
1188,1.10E+00
1189,1.09E+00
1190,1.01E+00
1191,9.68E-01
1192,9.53E-01
1193,9.84E-01
1194,1.04E+00
1195,1.09E+00
1196,1.10E+00
1197,1.06E+00
1198,9.84E-01
1199,9.53E-01
1200,9.84E-01
1201,1.04E+00
1202,1.09E+00
1203,1.09E+00
1204,1.04E+00
1205,1.00E+00
1206,9.84E-01
1207,1.01E+00
1208,1.06E+00
1209,1.07E+00
1210,1.06E+00
1211,1.00E+00
1212,9.84E-01
1213,1.00E+00
1214,1.06E+00
1215,1.09E+00
1216,1.07E+00
1217,1.03E+00
1218,9.68E-01
1219,9.68E-01
1220,1.01E+00
1221,1.09E+00
1222,1.12E+00
1223,1.09E+00
1224,1.01E+00
1225,9.53E-01
1226,9.53E-01
1227,1.03E+00
1228,1.09E+00
1229,1.10E+00
1230,1.04E+00
1231,9.84E-01
1232,9.68E-01
1233,1.01E+00
1234,1.07E+00
1235,1.07E+00
1236,1.03E+00
1237,9.84E-01
1238,1.00E+00
1239,1.06E+00
1240,1.10E+00
1241,1.07E+00
1242,1.00E+00
1243,9.53E-01
1244,9.68E-01
1245,1.04E+00
1246,1.10E+00
1247,1.12E+00
1248,1.06E+00
1249,9.84E-01
1250,9.53E-01
1251,9.84E-01
1252,1.04E+00
1253,1.10E+00
1254,1.10E+00
1255,1.04E+00
1256,9.84E-01
1257,9.68E-01
1258,1.00E+00
1259,1.06E+00
1260,1.09E+00
1261,1.07E+00
1262,1.01E+00
1263,9.68E-01
1264,1.00E+00
1265,1.04E+00
1266,1.10E+00
1267,1.07E+00
1268,1.01E+00
1269,9.68E-01
1270,9.84E-01
1271,1.04E+00
1272,1.10E+00
1273,1.10E+00
1274,1.04E+00
1275,9.68E-01
1276,9.53E-01
1277,1.00E+00
1278,1.09E+00
1279,1.12E+00
1280,1.06E+00
1281,9.84E-01
1282,9.68E-01
1283,1.00E+00
1284,1.07E+00
1285,1.10E+00
1286,1.06E+00
1287,1.00E+00
1288,9.68E-01
1289,1.00E+00
1290,1.07E+00
1291,1.10E+00
1292,1.06E+00
1293,9.84E-01
1294,9.53E-01
1295,1.01E+00
1296,1.09E+00
1297,1.12E+00
1298,1.06E+00
1299,9.68E-01
1300,9.53E-01
1301,1.01E+00
1302,1.07E+00
1303,1.10E+00
1304,1.04E+00
1305,9.84E-01
1306,9.68E-01
1307,1.04E+00
1308,1.09E+00
1309,1.07E+00
1310,1.00E+00
1311,9.53E-01
1312,1.00E+00
1313,1.09E+00
1314,1.12E+00
1315,1.07E+00
1316,9.84E-01
1317,9.37E-01
1318,9.68E-01
1319,1.06E+00
1320,1.12E+00
1321,1.10E+00
1322,1.03E+00
1323,9.68E-01
1324,9.68E-01
1325,1.00E+00
1326,1.07E+00
1327,1.10E+00
1328,1.07E+00
1329,1.01E+00
1330,9.84E-01
1331,9.68E-01
1332,1.00E+00
1333,1.06E+00
1334,1.09E+00
1335,1.09E+00
1336,1.04E+00
1337,9.84E-01
1338,9.68E-01
1339,9.84E-01
1340,1.04E+00
1341,1.09E+00
1342,1.09E+00
1343,1.04E+00
1344,9.84E-01
1345,9.53E-01
1346,9.84E-01
1347,1.06E+00
1348,1.10E+00
1349,1.09E+00
1350,1.03E+00
1351,9.53E-01
1352,9.21E-01
1353,9.84E-01
1354,1.07E+00
1355,1.14E+00
1356,1.10E+00
1357,1.04E+00
1358,9.68E-01
1359,9.21E-01
1360,9.68E-01
1361,1.06E+00
1362,1.12E+00
1363,1.12E+00
1364,1.06E+00
1365,9.68E-01
1366,9.37E-01
1367,9.53E-01
1368,1.03E+00
1369,1.09E+00
1370,1.12E+00
1371,1.09E+00
1372,1.01E+00
1373,9.53E-01
1374,9.68E-01
1375,1.01E+00
1376,1.09E+00
1377,1.10E+00
1378,1.07E+00
1379,1.00E+00
1380,9.68E-01
1381,9.84E-01
1382,1.04E+00
1383,1.10E+00
1384,1.10E+00
1385,1.04E+00
1386,9.84E-01
1387,9.53E-01
1388,9.84E-01
1389,1.06E+00
1390,1.12E+00
1391,1.10E+00
1392,1.03E+00
1393,9.53E-01
1394,9.37E-01
1395,9.84E-01
1396,1.07E+00
1397,1.12E+00
1398,1.12E+00
1399,1.04E+00
1400,9.68E-01
1401,9.37E-01
1402,9.53E-01
1403,1.01E+00
1404,1.10E+00
1405,1.14E+00
1406,1.12E+00
1407,1.07E+00
1408,1.00E+00
1409,9.37E-01
1410,9.21E-01
1411,9.84E-01
1412,1.04E+00
1413,1.10E+00
1414,1.14E+00
1415,1.12E+00
1416,1.04E+00
1417,9.84E-01
1418,9.37E-01
1419,9.37E-01
1420,9.84E-01
1421,1.06E+00
1422,1.12E+00
1423,1.12E+00
1424,1.09E+00
1425,1.01E+00
1426,9.37E-01
1427,9.37E-01
1428,1.00E+00
1429,1.10E+00
1430,1.14E+00
1431,1.10E+00
1432,1.01E+00
1433,9.37E-01
1434,9.37E-01
1435,1.01E+00
1436,1.10E+00
1437,1.14E+00
1438,1.06E+00
1439,9.68E-01
1440,9.53E-01
1441,1.00E+00
1442,1.09E+00
1443,1.12E+00
1444,1.07E+00
1445,9.84E-01
1446,9.53E-01
1447,9.84E-01
1448,1.06E+00
1449,1.12E+00
1450,1.10E+00
1451,1.04E+00
1452,9.68E-01
1453,9.37E-01
1454,9.68E-01
1455,1.06E+00
1456,1.12E+00
1457,1.14E+00
1458,1.09E+00
1459,1.00E+00
1460,9.37E-01
1461,9.37E-01
1462,9.84E-01
1463,1.06E+00
1464,1.12E+00
1465,1.14E+00
1466,1.10E+00
1467,1.03E+00
1468,9.53E-01
1469,9.21E-01
1470,9.68E-01
1471,1.04E+00
1472,1.10E+00
1473,1.14E+00
1474,1.10E+00
1475,1.01E+00
1476,9.37E-01
1477,9.21E-01
1478,1.01E+00
1479,1.12E+00
1480,1.14E+00
1481,1.06E+00
1482,9.68E-01
1483,9.21E-01
1484,1.00E+00
1485,1.10E+00
1486,1.12E+00
1487,1.04E+00
1488,9.53E-01
1489,9.68E-01
1490,1.04E+00
1491,1.10E+00
1492,1.10E+00
1493,1.03E+00
1494,9.37E-01
1495,9.37E-01
1496,1.03E+00
1497,1.12E+00
1498,1.14E+00
1499,1.06E+00
1500,9.53E-01
1501,9.21E-01
1502,9.68E-01
1503,1.06E+00
1504,1.14E+00
1505,1.14E+00
1506,1.06E+00
1507,9.68E-01
1508,9.21E-01
1509,9.68E-01
1510,1.07E+00
1511,1.14E+00
1512,1.10E+00
1513,1.01E+00
1514,9.37E-01
1515,9.53E-01
1516,1.03E+00
1517,1.12E+00
1518,1.12E+00
1519,1.06E+00
1520,9.68E-01
1521,9.37E-01
1522,9.84E-01
1523,1.07E+00
1524,1.12E+00
1525,1.12E+00
1526,1.03E+00
1527,9.53E-01
1528,9.21E-01
1529,9.68E-01
1530,1.07E+00
1531,1.14E+00
1532,1.14E+00
1533,1.06E+00
1534,9.68E-01
1535,9.06E-01
1536,9.53E-01
1537,1.06E+00
1538,1.14E+00
1539,1.15E+00
1540,1.06E+00
1541,9.53E-01
1542,9.21E-01
1543,9.68E-01
1544,1.09E+00
1545,1.15E+00
1546,1.10E+00
1547,9.84E-01
1548,9.21E-01
1549,9.84E-01
1550,1.09E+00
1551,1.12E+00
1552,1.06E+00
1553,9.68E-01
1554,9.37E-01
1555,1.01E+00
1556,1.14E+00
1557,1.14E+00
1558,1.04E+00
1559,9.37E-01
1560,9.21E-01
1561,1.00E+00
1562,1.12E+00
1563,1.15E+00
1564,1.07E+00
1565,9.53E-01
1566,9.06E-01
1567,1.00E+00
1568,1.10E+00
1569,1.14E+00
1570,1.04E+00
1571,9.37E-01
1572,9.53E-01
1573,1.06E+00
1574,1.14E+00
1575,1.10E+00
1576,9.68E-01
1577,9.06E-01
1578,1.03E+00
1579,1.15E+00
1580,1.14E+00
1581,1.00E+00
1582,9.21E-01
1583,9.84E-01
1584,1.10E+00
1585,1.12E+00
1586,1.03E+00
1587,9.37E-01
1588,9.68E-01
1589,1.09E+00
1590,1.17E+00
1591,1.10E+00
1592,9.53E-01
1593,9.06E-01
1594,9.84E-01
1595,1.10E+00
1596,1.17E+00
1597,1.09E+00
1598,9.68E-01
1599,9.06E-01
1600,9.53E-01
1601,1.07E+00
1602,1.15E+00
1603,1.12E+00
1604,1.03E+00
1605,9.37E-01
1606,9.37E-01
1607,1.03E+00
1608,1.12E+00
1609,1.14E+00
1610,1.07E+00
1611,9.53E-01
1612,9.21E-01
1613,1.00E+00
1614,1.10E+00
1615,1.17E+00
1616,1.07E+00
1617,9.37E-01
1618,9.06E-01
1619,1.01E+00
1620,1.14E+00
1621,1.15E+00
1622,1.06E+00
1623,9.37E-01
1624,9.21E-01
1625,1.04E+00
1626,1.14E+00
1627,1.12E+00
1628,1.01E+00
1629,9.21E-01
1630,9.68E-01
1631,1.10E+00
1632,1.17E+00
1633,1.07E+00
1634,9.21E-01
1635,9.06E-01
1636,1.04E+00
1637,1.17E+00
1638,1.14E+00
1639,1.00E+00
1640,9.21E-01
1641,1.00E+00
1642,1.14E+00
1643,1.14E+00
1644,1.03E+00
1645,9.21E-01
1646,9.68E-01
1647,1.10E+00
1648,1.17E+00
1649,1.09E+00
1650,9.53E-01
1651,8.90E-01
1652,9.84E-01
1653,1.12E+00
1654,1.18E+00
1655,1.12E+00
1656,9.84E-01
1657,9.06E-01
1658,9.37E-01
1659,1.06E+00
1660,1.15E+00
1661,1.14E+00
1662,1.06E+00
1663,9.53E-01
1664,9.06E-01
1665,9.84E-01
1666,1.09E+00
1667,1.15E+00
1668,1.14E+00
1669,1.03E+00
1670,9.37E-01
1671,9.21E-01
1672,1.01E+00
1673,1.14E+00
1674,1.17E+00
1675,1.09E+00
1676,9.68E-01
1677,8.90E-01
1678,9.53E-01
1679,1.09E+00
1680,1.18E+00
1681,1.15E+00
1682,1.04E+00
1683,9.21E-01
1684,8.90E-01
1685,9.53E-01
1686,1.09E+00
1687,1.18E+00
1688,1.17E+00
1689,1.06E+00
1690,9.37E-01
1691,9.06E-01
1692,9.84E-01
1693,1.12E+00
1694,1.17E+00
1695,1.12E+00
1696,1.00E+00
1697,9.06E-01
1698,9.53E-01
1699,1.07E+00
1700,1.17E+00
1701,1.12E+00
1702,1.00E+00
1703,9.06E-01
1704,9.37E-01
1705,1.09E+00
1706,1.18E+00
1707,1.15E+00
1708,1.00E+00
1709,8.90E-01
1710,9.06E-01
1711,1.04E+00
1712,1.15E+00
1713,1.20E+00
1714,1.10E+00
1715,9.68E-01
1716,8.90E-01
1717,9.37E-01
1718,1.06E+00
1719,1.17E+00
1720,1.18E+00
1721,1.09E+00
1722,9.68E-01
1723,9.06E-01
1724,9.37E-01
1725,1.06E+00
1726,1.15E+00
1727,1.17E+00
1728,1.09E+00
1729,9.68E-01
1730,9.06E-01
1731,9.21E-01
1732,1.01E+00
1733,1.12E+00
1734,1.17E+00
1735,1.12E+00
1736,1.03E+00
1737,9.37E-01
1738,9.06E-01
1739,9.53E-01
1740,1.06E+00
1741,1.14E+00
1742,1.18E+00
1743,1.10E+00
1744,9.84E-01
1745,8.90E-01
1746,9.21E-01
1747,1.03E+00
1748,1.15E+00
1749,1.18E+00
1750,1.12E+00
1751,9.84E-01
1752,8.90E-01
1753,9.21E-01
1754,1.03E+00
1755,1.15E+00
1756,1.20E+00
1757,1.14E+00
1758,1.00E+00
1759,8.90E-01
1760,8.90E-01
1761,1.00E+00
1762,1.14E+00
1763,1.20E+00
1764,1.17E+00
1765,1.03E+00
1766,9.06E-01
1767,8.75E-01
1768,9.68E-01
1769,1.12E+00
1770,1.20E+00
1771,1.14E+00
1772,1.00E+00
1773,8.90E-01
1774,9.06E-01
1775,1.04E+00
1776,1.17E+00
1777,1.17E+00
1778,1.04E+00
1779,9.21E-01
1780,9.06E-01
1781,1.01E+00
1782,1.15E+00
1783,1.18E+00
1784,1.06E+00
1785,9.06E-01
1786,8.90E-01
1787,1.04E+00
1788,1.18E+00
1789,1.20E+00
1790,1.06E+00
1791,8.90E-01
1792,8.90E-01
1793,1.04E+00
1794,1.18E+00
1795,1.17E+00
1796,1.01E+00
1797,9.06E-01
1798,9.21E-01
1799,1.07E+00
1800,1.18E+00
1801,1.15E+00
1802,1.01E+00
1803,9.06E-01
1804,9.06E-01
1805,1.04E+00
1806,1.18E+00
1807,1.20E+00
1808,1.06E+00
1809,9.06E-01
1810,8.75E-01
1811,9.84E-01
1812,1.15E+00
1813,1.21E+00
1814,1.12E+00
1815,9.53E-01
1816,8.75E-01
1817,9.84E-01
1818,1.14E+00
1819,1.20E+00
1820,1.09E+00
1821,9.37E-01
1822,8.90E-01
1823,1.01E+00
1824,1.17E+00
1825,1.18E+00
1826,1.01E+00
1827,8.75E-01
1828,9.37E-01
1829,1.14E+00
1830,1.23E+00
1831,1.09E+00
1832,9.06E-01
1833,9.06E-01
1834,1.07E+00
1835,1.20E+00
1836,1.12E+00
1837,9.68E-01
1838,8.90E-01
1839,1.00E+00
1840,1.18E+00
1841,1.18E+00
1842,1.01E+00
1843,8.75E-01
1844,9.06E-01
1845,1.09E+00
1846,1.23E+00
1847,1.17E+00
1848,9.68E-01
1849,8.75E-01
1850,9.68E-01
1851,1.15E+00
1852,1.20E+00
1853,1.06E+00
1854,9.06E-01
1855,9.06E-01
1856,1.07E+00
1857,1.21E+00
1858,1.17E+00
1859,9.84E-01
1860,8.59E-01
1861,9.06E-01
1862,1.09E+00
1863,1.23E+00
1864,1.18E+00
1865,1.01E+00
1866,8.75E-01
1867,8.90E-01
1868,1.06E+00
1869,1.21E+00
1870,1.17E+00
1871,1.00E+00
1872,8.75E-01
1873,9.53E-01
1874,1.14E+00
1875,1.20E+00
1876,1.07E+00
1877,8.90E-01
1878,8.75E-01
1879,1.03E+00
1880,1.21E+00
1881,1.21E+00
1882,1.03E+00
1883,8.59E-01
1884,9.21E-01
1885,1.12E+00
1886,1.23E+00
1887,1.07E+00
1888,8.90E-01
1889,9.21E-01
1890,1.14E+00
1891,1.21E+00
1892,1.06E+00
1893,8.59E-01
1894,9.53E-01
1895,1.18E+00
1896,1.21E+00
1897,1.00E+00
1898,8.75E-01
1899,1.03E+00
1900,1.21E+00
1901,1.10E+00
1902,8.75E-01
1903,9.21E-01
1904,1.18E+00
1905,1.20E+00
1906,9.37E-01
1907,8.90E-01
1908,1.12E+00
1909,1.21E+00
1910,1.01E+00
1911,8.59E-01
1912,1.00E+00
1913,1.23E+00
1914,1.17E+00
1915,9.21E-01
1916,8.75E-01
1917,1.09E+00
1918,1.23E+00
1919,1.09E+00
1920,8.90E-01
1921,9.21E-01
1922,1.15E+00
1923,1.25E+00
1924,1.03E+00
1925,8.43E-01
1926,9.68E-01
1927,1.20E+00
1928,1.17E+00
1929,9.21E-01
1930,8.90E-01
1931,1.14E+00
1932,1.25E+00
1933,1.03E+00
1934,8.28E-01
1935,9.68E-01
1936,1.21E+00
1937,1.20E+00
1938,9.84E-01
1939,8.43E-01
1940,1.00E+00
1941,1.21E+00
1942,1.17E+00
1943,9.21E-01
1944,8.43E-01
1945,1.04E+00
1946,1.25E+00
1947,1.18E+00
1948,9.37E-01
1949,8.43E-01
1950,1.03E+00
1951,1.21E+00
1952,1.17E+00
1953,9.53E-01
1954,8.43E-01
1955,1.01E+00
1956,1.23E+00
1957,1.21E+00
1958,1.00E+00
1959,8.28E-01
1960,9.37E-01
1961,1.20E+00
1962,1.21E+00
1963,9.68E-01
1964,8.59E-01
1965,1.07E+00
1966,1.25E+00
1967,1.07E+00
1968,8.43E-01
1969,9.21E-01
1970,1.20E+00
1971,1.23E+00
1972,9.84E-01
1973,8.43E-01
1974,1.01E+00
1975,1.21E+00
1976,1.18E+00
1977,9.37E-01
1978,8.43E-01
1979,1.06E+00
1980,1.26E+00
1981,1.17E+00
1982,9.06E-01
1983,8.28E-01
1984,1.03E+00
1985,1.25E+00
1986,1.20E+00
1987,9.53E-01
1988,8.43E-01
1989,1.00E+00
1990,1.21E+00
1991,1.23E+00
1992,9.84E-01
1993,8.12E-01
1994,9.21E-01
1995,1.20E+00
1996,1.26E+00
1997,1.06E+00
1998,8.43E-01
1999,9.06E-01
2000,1.18E+00
2001,1.23E+00
2002,9.68E-01
2003,8.28E-01
2004,1.04E+00
2005,1.28E+00
2006,1.18E+00
2007,9.06E-01
2008,8.28E-01
2009,1.09E+00
2010,1.25E+00
2011,1.04E+00
2012,8.28E-01
2013,1.04E+00
2014,1.28E+00
2015,1.14E+00
2016,8.59E-01
2017,8.75E-01
2018,1.17E+00
2019,1.26E+00
2020,1.01E+00
2021,8.28E-01
2022,1.01E+00
2023,1.28E+00
2024,1.15E+00
2025,8.59E-01
2026,8.43E-01
2027,1.12E+00
2028,1.28E+00
2029,1.12E+00
2030,8.75E-01
2031,8.75E-01
2032,1.12E+00
2033,1.28E+00
2034,1.10E+00
2035,8.59E-01
2036,8.28E-01
2037,1.07E+00
2038,1.29E+00
2039,1.21E+00
2040,9.21E-01
2041,8.12E-01
2042,1.03E+00
2043,1.26E+00
2044,1.17E+00
2045,9.06E-01
2046,8.43E-01
2047,1.07E+00
2048,1.29E+00
2049,1.15E+00
2050,8.59E-01
2051,8.28E-01
2052,1.09E+00
2053,1.29E+00
2054,1.17E+00
2055,9.21E-01
2056,8.12E-01
2057,1.00E+00
2058,1.21E+00
2059,1.26E+00
2060,1.04E+00
2061,8.12E-01
2062,8.90E-01
2063,1.17E+00
2064,1.31E+00
2065,1.12E+00
2066,8.43E-01
2067,8.12E-01
2068,1.10E+00
2069,1.29E+00
2070,1.10E+00
2071,8.28E-01
2072,9.21E-01
2073,1.21E+00
2074,1.26E+00
2075,9.68E-01
2076,7.81E-01
2077,1.01E+00
2078,1.28E+00
2079,1.20E+00
2080,9.06E-01
2081,8.43E-01
2082,1.12E+00
2083,1.29E+00
2084,1.09E+00
2085,8.12E-01
2086,8.90E-01
2087,1.23E+00
2088,1.29E+00
2089,1.01E+00
2090,7.96E-01
2091,9.37E-01
2092,1.23E+00
2093,1.26E+00
2094,1.01E+00
2095,7.96E-01
2096,9.53E-01
2097,1.26E+00
2098,1.28E+00
2099,9.68E-01
2100,7.81E-01
2101,9.53E-01
2102,1.25E+00
2103,1.26E+00
2104,1.00E+00
2105,7.96E-01
2106,9.37E-01
2107,1.21E+00
2108,1.28E+00
2109,1.01E+00
2110,7.81E-01
2111,8.75E-01
2112,1.18E+00
2113,1.32E+00
2114,1.12E+00
2115,8.43E-01
2116,8.28E-01
2117,1.10E+00
2118,1.31E+00
2119,1.12E+00
2120,8.43E-01
2121,8.28E-01
2122,1.14E+00
2123,1.32E+00
2124,1.09E+00
2125,7.96E-01
2126,8.75E-01
2127,1.21E+00
2128,1.28E+00
2129,9.68E-01
2130,7.96E-01
2131,1.04E+00
2132,1.31E+00
2133,1.15E+00
2134,8.28E-01
2135,8.43E-01
2136,1.17E+00
2137,1.31E+00
2138,1.01E+00
2139,7.96E-01
2140,1.01E+00
2141,1.29E+00
2142,1.18E+00
2143,8.75E-01
2144,7.96E-01
2145,1.12E+00
2146,1.34E+00
2147,1.12E+00
2148,8.12E-01
2149,8.75E-01
2150,1.20E+00
2151,1.29E+00
2152,1.00E+00
2153,7.65E-01
2154,9.53E-01
2155,1.28E+00
2156,1.28E+00
2157,9.06E-01
2158,7.81E-01
2159,1.12E+00
2160,1.31E+00
2161,1.01E+00
2162,7.81E-01
2163,1.06E+00
2164,1.34E+00
2165,1.10E+00
2166,7.81E-01
2167,9.06E-01
2168,1.25E+00
2169,1.26E+00
2170,9.06E-01
2171,7.96E-01
2172,1.14E+00
2173,1.34E+00
2174,1.12E+00
2175,7.96E-01
2176,8.43E-01
2177,1.20E+00
2178,1.32E+00
2179,1.04E+00
2180,7.81E-01
2181,9.06E-01
2182,1.21E+00
2183,1.32E+00
2184,1.07E+00
2185,7.81E-01
2186,8.43E-01
2187,1.18E+00
2188,1.35E+00
2189,1.14E+00
2190,8.28E-01
2191,7.81E-01
2192,1.09E+00
2193,1.34E+00
2194,1.17E+00
2195,8.59E-01
2196,8.12E-01
2197,1.15E+00
2198,1.35E+00
2199,1.06E+00
2200,7.50E-01
2201,9.21E-01
2202,1.29E+00
2203,1.25E+00
2204,9.06E-01
2205,7.96E-01
2206,1.14E+00
2207,1.35E+00
2208,1.07E+00
2209,7.50E-01
2210,9.37E-01
2211,1.31E+00
2212,1.26E+00
2213,8.90E-01
2214,8.12E-01
2215,1.15E+00
2216,1.34E+00
2217,1.03E+00
2218,7.50E-01
2219,1.03E+00
2220,1.35E+00
2221,1.12E+00
2222,7.81E-01
2223,9.06E-01
2224,1.28E+00
2225,1.23E+00
2226,8.28E-01
2227,8.12E-01
2228,1.20E+00
2229,1.34E+00
2230,9.84E-01
2231,7.65E-01
2232,1.09E+00
2233,1.35E+00
2234,1.06E+00
2235,7.50E-01
2236,1.00E+00
2237,1.35E+00
2238,1.20E+00
2239,8.12E-01
2240,8.43E-01
2241,1.21E+00
2242,1.31E+00
2243,9.37E-01
2244,7.65E-01
2245,1.14E+00
2246,1.35E+00
2247,1.00E+00
2248,7.65E-01
2249,1.12E+00
2250,1.34E+00
2251,9.68E-01
2252,7.50E-01
2253,1.15E+00
2254,1.35E+00
2255,9.53E-01
2256,7.81E-01
2257,1.14E+00
2258,1.34E+00
2259,1.00E+00
2260,7.34E-01
2261,1.06E+00
2262,1.37E+00
2263,1.10E+00
2264,7.65E-01
2265,9.84E-01
2266,1.34E+00
2267,1.17E+00
2268,7.65E-01
2269,8.43E-01
2270,1.26E+00
2271,1.34E+00
2272,9.53E-01
2273,7.65E-01
2274,1.12E+00
2275,1.35E+00
2276,1.06E+00
2277,7.34E-01
2278,9.53E-01
2279,1.35E+00
2280,1.20E+00
2281,7.81E-01
2282,8.90E-01
2283,1.29E+00
2284,1.23E+00
2285,8.12E-01
2286,8.59E-01
2287,1.32E+00
2288,1.25E+00
2289,8.12E-01
2290,8.75E-01
2291,1.31E+00
2292,1.23E+00
2293,7.96E-01
2294,8.75E-01
2295,1.31E+00
2296,1.25E+00
2297,8.12E-01
2298,8.90E-01
2299,1.31E+00
2300,1.23E+00
2301,7.81E-01
2302,8.59E-01
2303,1.31E+00
2304,1.25E+00
2305,8.12E-01
2306,8.75E-01
2307,1.29E+00
2308,1.28E+00
2309,8.43E-01
2310,7.65E-01
2311,1.15E+00
2312,1.39E+00
2313,1.09E+00
2314,7.65E-01
2315,9.84E-01
2316,1.32E+00
2317,1.26E+00
2318,9.06E-01
2319,7.34E-01
2320,9.84E-01
2321,1.34E+00
2322,1.35E+00
2323,1.00E+00
2324,7.18E-01
2325,8.75E-01
2326,1.23E+00
2327,1.37E+00
2328,1.12E+00
2329,8.12E-01
2330,7.65E-01
2331,1.04E+00
2332,1.35E+00
2333,1.31E+00
2334,9.53E-01
2335,7.18E-01
2336,9.84E-01
2337,1.35E+00
2338,1.31E+00
2339,9.06E-01
2340,7.34E-01
2341,1.01E+00
2342,1.35E+00
2343,1.29E+00
2344,9.53E-01
2345,7.34E-01
2346,9.37E-01
2347,1.31E+00
2348,1.35E+00
2349,1.03E+00
2350,7.34E-01
2351,7.96E-01
2352,1.10E+00
2353,1.37E+00
2354,1.35E+00
2355,1.10E+00
2356,8.28E-01
2357,7.18E-01
2358,8.75E-01
2359,1.12E+00
2360,1.35E+00
2361,1.37E+00
2362,1.20E+00
2363,9.37E-01
2364,7.50E-01
2365,7.65E-01
2366,9.53E-01
2367,1.23E+00
2368,1.37E+00
2369,1.28E+00
2370,9.84E-01
2371,7.65E-01
2372,7.96E-01
2373,1.07E+00
2374,1.35E+00
2375,1.32E+00
2376,1.01E+00
2377,7.50E-01
2378,7.65E-01
2379,1.03E+00
2380,1.32E+00
2381,1.39E+00
2382,1.12E+00
2383,7.96E-01
2384,7.18E-01
2385,9.84E-01
2386,1.29E+00
2387,1.40E+00
2388,1.23E+00
2389,9.37E-01
2390,7.34E-01
2391,7.96E-01
2392,1.07E+00
2393,1.34E+00
2394,1.35E+00
2395,1.12E+00
2396,8.43E-01
2397,7.34E-01
2398,8.59E-01
2399,1.12E+00
2400,1.35E+00
2401,1.34E+00
2402,1.10E+00
2403,8.12E-01
2404,7.34E-01
2405,9.21E-01
2406,1.21E+00
2407,1.40E+00
2408,1.28E+00
2409,9.84E-01
2410,7.50E-01
2411,7.50E-01
2412,9.84E-01
2413,1.26E+00
2414,1.40E+00
2415,1.28E+00
2416,1.00E+00
2417,7.65E-01
2418,7.18E-01
2419,8.75E-01
2420,1.14E+00
2421,1.35E+00
2422,1.40E+00
2423,1.23E+00
2424,9.84E-01
2425,7.81E-01
2426,7.18E-01
2427,8.28E-01
2428,1.06E+00
2429,1.31E+00
2430,1.42E+00
2431,1.31E+00
2432,1.04E+00
2433,7.65E-01
2434,7.65E-01
2435,1.03E+00
2436,1.29E+00
2437,1.40E+00
2438,1.35E+00
2439,1.15E+00
2440,8.90E-01
2441,7.18E-01
2442,8.12E-01
2443,1.09E+00
2444,1.34E+00
2445,1.39E+00
2446,1.18E+00
2447,9.06E-01
2448,7.34E-01
2449,7.96E-01
2450,1.06E+00
2451,1.31E+00
2452,1.37E+00
2453,1.20E+00
2454,8.90E-01
2455,7.50E-01
2456,9.21E-01
2457,1.23E+00
2458,1.39E+00
2459,1.26E+00
2460,1.00E+00
2461,7.65E-01
2462,7.65E-01
2463,1.04E+00
2464,1.32E+00
2465,1.40E+00
2466,1.21E+00
2467,9.06E-01
2468,7.18E-01
2469,7.81E-01
2470,1.04E+00
2471,1.29E+00
2472,1.42E+00
2473,1.31E+00
2474,1.04E+00
2475,7.96E-01
2476,7.18E-01
2477,8.43E-01
2478,1.10E+00
2479,1.35E+00
2480,1.40E+00
2481,1.25E+00
2482,9.84E-01
2483,7.65E-01
2484,7.18E-01
2485,8.75E-01
2486,1.14E+00
2487,1.37E+00
2488,1.39E+00
2489,1.20E+00
2490,9.21E-01
2491,7.34E-01
2492,7.81E-01
2493,1.09E+00
2494,1.35E+00
2495,1.35E+00
2496,1.10E+00
2497,8.28E-01
2498,7.50E-01
2499,9.68E-01
2500,1.28E+00
2501,1.35E+00
2502,1.14E+00
2503,8.28E-01
2504,7.50E-01
2505,9.68E-01
2506,1.28E+00
2507,1.39E+00
2508,1.20E+00
2509,8.59E-01
2510,7.18E-01
2511,9.21E-01
2512,1.28E+00
2513,1.40E+00
2514,1.18E+00
2515,8.43E-01
2516,7.34E-01
2517,9.37E-01
2518,1.26E+00
2519,1.37E+00
2520,1.17E+00
2521,8.43E-01
2522,7.65E-01
2523,9.68E-01
2524,1.28E+00
2525,1.37E+00
2526,1.15E+00
2527,8.43E-01
2528,7.34E-01
2529,9.37E-01
2530,1.25E+00
2531,1.40E+00
2532,1.25E+00
2533,9.21E-01
2534,7.18E-01
2535,8.75E-01
2536,1.21E+00
2537,1.40E+00
2538,1.23E+00
2539,9.21E-01
2540,7.50E-01
2541,9.21E-01
2542,1.25E+00
2543,1.35E+00
2544,1.12E+00
2545,8.12E-01
2546,7.81E-01
2547,1.06E+00
2548,1.32E+00
2549,1.37E+00
2550,1.15E+00
2551,8.59E-01
2552,7.34E-01
2553,8.75E-01
2554,1.18E+00
2555,1.40E+00
2556,1.34E+00
2557,1.06E+00
2558,7.81E-01
2559,7.34E-01
2560,9.68E-01
2561,1.26E+00
2562,1.40E+00
2563,1.25E+00
2564,9.68E-01
2565,7.65E-01
2566,7.96E-01
2567,1.07E+00
2568,1.32E+00
2569,1.34E+00
2570,1.09E+00
2571,8.12E-01
2572,7.65E-01
2573,1.00E+00
2574,1.29E+00
2575,1.35E+00
2576,1.12E+00
2577,8.28E-01
2578,7.50E-01
2579,9.68E-01
2580,1.28E+00
2581,1.39E+00
2582,1.12E+00
2583,7.96E-01
2584,7.65E-01
2585,1.04E+00
2586,1.34E+00
2587,1.34E+00
2588,1.01E+00
2589,7.65E-01
2590,8.90E-01
2591,1.21E+00
2592,1.37E+00
2593,1.14E+00
2594,7.96E-01
2595,8.12E-01
2596,1.15E+00
2597,1.39E+00
2598,1.21E+00
2599,8.90E-01
2600,7.34E-01
2601,9.21E-01
2602,1.25E+00
2603,1.39E+00
2604,1.18E+00
2605,8.90E-01
2606,7.65E-01
2607,9.06E-01
2608,1.15E+00
2609,1.35E+00
2610,1.32E+00
2611,1.10E+00
2612,8.43E-01
2613,7.65E-01
2614,9.37E-01
2615,1.20E+00
2616,1.37E+00
2617,1.29E+00
2618,1.06E+00
2619,8.28E-01
2620,7.50E-01
2621,9.06E-01
2622,1.18E+00
2623,1.37E+00
2624,1.32E+00
2625,1.06E+00
2626,7.96E-01
2627,7.81E-01
2628,1.09E+00
2629,1.37E+00
2630,1.29E+00
2631,9.21E-01
2632,7.65E-01
2633,1.07E+00
2634,1.35E+00
2635,1.14E+00
2636,7.81E-01
2637,8.75E-01
2638,1.26E+00
2639,1.35E+00
2640,1.00E+00
2641,7.50E-01
2642,9.84E-01
2643,1.32E+00
2644,1.28E+00
2645,9.21E-01
2646,7.81E-01
2647,1.07E+00
2648,1.37E+00
2649,1.25E+00
2650,9.37E-01
2651,7.50E-01
2652,8.59E-01
2653,1.12E+00
2654,1.35E+00
2655,1.35E+00
2656,1.15E+00
2657,9.06E-01
2658,7.65E-01
2659,7.81E-01
2660,9.68E-01
2661,1.21E+00
2662,1.37E+00
2663,1.31E+00
2664,1.04E+00
2665,8.12E-01
2666,7.65E-01
2667,9.84E-01
2668,1.28E+00
2669,1.35E+00
2670,1.14E+00
2671,8.43E-01
2672,8.12E-01
2673,1.09E+00
2674,1.34E+00
2675,1.28E+00
2676,9.68E-01
2677,7.65E-01
2678,9.53E-01
2679,1.29E+00
2680,1.35E+00
2681,1.07E+00
2682,7.81E-01
2683,9.06E-01
2684,1.26E+00
2685,1.32E+00
2686,1.04E+00
2687,7.96E-01
2688,9.21E-01
2689,1.25E+00
2690,1.35E+00
2691,1.06E+00
2692,7.65E-01
2693,8.75E-01
2694,1.21E+00
2695,1.35E+00
2696,1.10E+00
2697,8.12E-01
2698,9.06E-01
2699,1.23E+00
2700,1.34E+00
2701,1.01E+00
2702,7.65E-01
2703,1.09E+00
2704,1.37E+00
2705,1.12E+00
2706,8.12E-01
2707,9.06E-01
2708,1.25E+00
2709,1.28E+00
2710,9.06E-01
2711,8.12E-01
2712,1.20E+00
2713,1.34E+00
2714,9.37E-01
2715,8.59E-01
2716,1.28E+00
2717,1.20E+00
2718,8.12E-01
2719,9.68E-01
2720,1.34E+00
2721,1.07E+00
2722,8.28E-01
2723,1.20E+00
2724,1.29E+00
2725,9.06E-01
2726,8.28E-01
2727,1.21E+00
2728,1.29E+00
2729,9.21E-01
2730,8.28E-01
2731,1.15E+00
2732,1.34E+00
2733,1.10E+00
2734,7.96E-01
2735,9.21E-01
2736,1.29E+00
2737,1.26E+00
2738,9.21E-01
2739,8.12E-01
2740,1.07E+00
2741,1.32E+00
2742,1.25E+00
2743,9.21E-01
2744,7.96E-01
2745,1.09E+00
2746,1.34E+00
2747,1.15E+00
2748,8.28E-01
2749,9.37E-01
2750,1.28E+00
2751,1.21E+00
2752,8.75E-01
2753,8.59E-01
2754,1.25E+00
2755,1.29E+00
2756,9.37E-01
2757,8.28E-01
2758,1.14E+00
2759,1.31E+00
2760,1.04E+00
2761,7.96E-01
2762,9.68E-01
2763,1.28E+00
2764,1.31E+00
2765,1.01E+00
2766,7.96E-01
2767,9.68E-01
2768,1.26E+00
2769,1.25E+00
2770,9.37E-01
2771,8.28E-01
2772,1.06E+00
2773,1.29E+00
2774,1.29E+00
2775,1.07E+00
2776,8.43E-01
2777,8.12E-01
2778,1.03E+00
2779,1.28E+00
2780,1.34E+00
2781,1.18E+00
2782,9.53E-01
2783,8.12E-01
2784,7.96E-01
2785,9.06E-01
2786,1.12E+00
2787,1.31E+00
2788,1.34E+00
2789,1.18E+00
2790,1.00E+00
2791,8.12E-01
2792,8.28E-01
2793,1.03E+00
2794,1.26E+00
2795,1.31E+00
2796,9.37E-01
2797,9.37E-01
2798,1.31E+00
2799,9.21E-01
2800,9.37E-01
2801,1.28E+00
2802,9.68E-01
2803,8.28E-01
2804,1.12E+00
2805,1.31E+00
2806,1.01E+00
2807,8.12E-01
2808,1.04E+00
2809,1.29E+00
2810,1.15E+00
2811,8.59E-01
2812,9.37E-01
2813,1.28E+00
2814,1.18E+00
2815,8.59E-01
2816,9.21E-01
2817,1.25E+00
2818,1.18E+00
2819,8.59E-01
2820,9.37E-01
2821,1.26E+00
2822,1.25E+00
2823,9.53E-01
2824,8.28E-01
2825,1.09E+00
2826,1.29E+00
2827,1.09E+00
2828,8.28E-01
2829,1.03E+00
2830,1.29E+00
2831,1.17E+00
2832,8.75E-01
2833,8.90E-01
2834,1.20E+00
2835,1.23E+00
2836,8.90E-01
2837,9.53E-01
2838,1.29E+00
2839,1.10E+00
2840,8.43E-01
2841,1.03E+00
2842,1.28E+00
2843,1.14E+00
2844,8.75E-01
2845,8.75E-01
2846,1.10E+00
2847,1.31E+00
2848,1.21E+00
2849,9.53E-01
2850,8.28E-01
2851,1.03E+00
2852,1.26E+00
2853,1.21E+00
2854,9.68E-01
2855,8.59E-01
2856,1.06E+00
2857,1.29E+00
2858,1.14E+00
2859,8.75E-01
2860,8.90E-01
2861,1.17E+00
2862,1.29E+00
2863,1.14E+00
2864,9.06E-01
2865,8.59E-01
2866,1.03E+00
2867,1.25E+00
2868,1.23E+00
2869,1.01E+00
2870,8.59E-01
2871,9.21E-01
2872,1.15E+00
2873,1.29E+00
2874,1.23E+00
2875,1.06E+00
2876,8.90E-01
2877,8.28E-01
2878,9.21E-01
2879,1.12E+00
2880,1.29E+00
2881,1.28E+00
2882,1.09E+00
2883,8.75E-01
2884,8.43E-01
2885,1.03E+00
2886,1.25E+00
2887,1.23E+00
2888,9.84E-01
2889,8.75E-01
2890,1.04E+00
2891,1.26E+00
2892,1.18E+00
2893,9.06E-01
2894,8.90E-01
2895,1.18E+00
2896,1.28E+00
2897,1.03E+00
2898,8.59E-01
2899,1.09E+00
2900,1.26E+00
2901,9.84E-01
2902,8.59E-01
2903,1.14E+00
2904,1.28E+00
2905,1.00E+00
2906,9.06E-01
2907,1.20E+00
2908,1.20E+00
2909,8.90E-01
2910,9.37E-01
2911,1.25E+00
2912,1.14E+00
2913,8.90E-01
2914,1.04E+00
2915,1.28E+00
2916,1.10E+00
2917,8.59E-01
2918,9.53E-01
2919,1.21E+00
2920,1.25E+00
2921,1.01E+00
2922,8.75E-01
2923,9.68E-01
2924,1.18E+00
2925,1.25E+00
2926,1.06E+00
2927,8.59E-01
2928,9.06E-01
2929,1.14E+00
2930,1.28E+00
2931,1.17E+00
2932,9.21E-01
2933,8.75E-01
2934,1.07E+00
2935,1.25E+00
2936,1.17E+00
2937,9.68E-01
2938,8.90E-01
2939,1.09E+00
2940,1.26E+00
2941,1.14E+00
2942,8.90E-01
2943,9.21E-01
2944,1.17E+00
2945,1.25E+00
2946,1.03E+00
2947,8.90E-01
2948,1.06E+00
2949,1.25E+00
2950,1.10E+00
2951,8.75E-01
2952,9.37E-01
2953,1.21E+00
2954,1.23E+00
2955,1.00E+00
2956,8.90E-01
2957,1.07E+00
2958,1.25E+00
2959,1.10E+00
2960,8.90E-01
2961,9.21E-01
2962,1.18E+00
2963,1.26E+00
2964,1.04E+00
2965,8.75E-01
2966,1.00E+00
2967,1.21E+00
2968,1.20E+00
2969,1.01E+00
2970,8.90E-01
2971,1.00E+00
2972,1.21E+00
2973,1.25E+00
2974,1.06E+00
2975,8.75E-01
2976,9.37E-01
2977,1.18E+00
2978,1.23E+00
2979,1.03E+00
2980,9.06E-01
2981,1.06E+00
2982,1.25E+00
2983,1.14E+00
2984,9.06E-01
2985,9.53E-01
2986,1.21E+00
2987,1.18E+00
2988,9.37E-01
2989,9.84E-01
2990,1.21E+00
2991,1.17E+00
2992,9.21E-01
2993,9.37E-01
2994,1.20E+00
2995,1.20E+00
2996,9.53E-01
2997,9.53E-01
2998,1.18E+00
2999,1.20E+00
3000,9.68E-01
3001,8.90E-01
3002,1.10E+00
3003,1.25E+00
3004,1.09E+00
3005,9.21E-01
3006,1.00E+00
3007,1.21E+00
3008,1.18E+00
3009,9.53E-01
3010,9.06E-01
3011,1.07E+00
3012,1.25E+00
3013,1.18E+00
3014,9.68E-01
3015,9.06E-01
3016,1.06E+00
3017,1.21E+00
3018,1.18E+00
3019,1.03E+00
3020,9.06E-01
3021,9.84E-01
3022,1.17E+00
3023,1.25E+00
3024,1.09E+00
3025,9.06E-01
3026,9.06E-01
3027,1.07E+00
3028,1.23E+00
3029,1.18E+00
3030,1.00E+00
3031,9.06E-01
3032,1.01E+00
3033,1.18E+00
3034,1.21E+00
3035,1.07E+00
3036,9.21E-01
3037,9.21E-01
3038,1.09E+00
3039,1.23E+00
3040,1.21E+00
3041,1.06E+00
3042,9.06E-01
3043,9.21E-01
3044,1.07E+00
3045,1.23E+00
3046,1.23E+00
3047,1.07E+00
3048,9.21E-01
3049,9.37E-01
3050,1.07E+00
3051,1.21E+00
3052,1.18E+00
3053,1.03E+00
3054,9.21E-01
3055,9.84E-01
3056,1.17E+00
3057,1.23E+00
3058,1.12E+00
3059,9.68E-01
3060,8.90E-01
3061,1.01E+00
3062,1.20E+00
3063,1.23E+00
3064,1.12E+00
3065,9.53E-01
3066,9.06E-01
3067,1.03E+00
3068,1.18E+00
3069,1.20E+00
3070,1.06E+00
3071,9.21E-01
3072,9.84E-01
3073,1.17E+00
3074,1.21E+00
3075,1.04E+00
3076,9.06E-01
3077,9.84E-01
3078,1.18E+00
3079,1.21E+00
3080,1.06E+00
3081,9.21E-01
3082,1.01E+00
3083,1.17E+00
3084,1.18E+00
3085,1.04E+00
3086,9.21E-01
3087,9.53E-01
3088,1.10E+00
3089,1.23E+00
3090,1.20E+00
3091,1.04E+00
3092,9.21E-01
3093,9.21E-01
3094,1.06E+00
3095,1.20E+00
3096,1.23E+00
3097,1.12E+00
3098,9.84E-01
3099,9.06E-01
3100,9.84E-01
3101,1.12E+00
3102,1.21E+00
3103,1.18E+00
3104,1.06E+00
3105,9.37E-01
3106,9.53E-01
3107,1.09E+00
3108,1.21E+00
3109,1.17E+00
3110,1.03E+00
3111,9.21E-01
3112,1.00E+00
3113,1.20E+00
3114,1.20E+00
3115,1.03E+00
3116,9.06E-01
3117,1.01E+00
3118,1.18E+00
3119,1.15E+00
3120,9.68E-01
3121,1.01E+00
3122,1.21E+00
3123,1.14E+00
3124,9.53E-01
3125,9.53E-01
3126,1.12E+00
3127,1.20E+00
3128,1.04E+00
3129,9.37E-01
3130,1.04E+00
3131,1.20E+00
3132,1.17E+00
3133,9.84E-01
3134,9.21E-01
3135,1.06E+00
3136,1.20E+00
3137,1.12E+00
3138,9.68E-01
3139,9.68E-01
3140,1.12E+00
3141,1.20E+00
3142,1.04E+00
3143,9.21E-01
3144,1.06E+00
3145,1.21E+00
3146,1.18E+00
3147,1.04E+00
3148,9.37E-01
3149,1.06E+00
3150,1.18E+00
3151,1.14E+00
3152,1.00E+00
3153,9.21E-01
3154,1.04E+00
3155,1.20E+00
3156,1.17E+00
3157,1.03E+00
3158,9.21E-01
3159,9.84E-01
3160,1.15E+00
3161,1.20E+00
3162,1.07E+00
3163,9.68E-01
3164,9.84E-01
3165,1.14E+00
3166,1.20E+00
3167,1.09E+00
3168,9.37E-01
3169,9.84E-01
3170,1.15E+00
3171,1.20E+00
3172,1.04E+00
3173,9.37E-01
3174,1.03E+00
3175,1.17E+00
3176,1.15E+00
3177,1.00E+00
3178,9.37E-01
3179,1.06E+00
3180,1.21E+00
3181,1.14E+00
3182,9.84E-01
3183,9.37E-01
3184,1.06E+00
3185,1.20E+00
3186,1.12E+00
3187,9.84E-01
3188,9.68E-01
3189,1.10E+00
3190,1.20E+00
3191,1.09E+00
3192,9.37E-01
3193,9.68E-01
3194,1.10E+00
3195,1.20E+00
3196,1.10E+00
3197,9.68E-01
3198,1.03E+00
3199,1.15E+00
3200,1.17E+00
3201,1.06E+00
3202,9.37E-01
3203,1.03E+00
3204,1.20E+00
3205,1.14E+00
3206,9.68E-01
3207,9.68E-01
3208,1.10E+00
3209,1.17E+00
3210,1.04E+00
3211,9.53E-01
3212,1.06E+00
3213,1.20E+00
3214,1.14E+00
3215,9.68E-01
3216,9.68E-01
3217,1.10E+00
3218,1.17E+00
3219,1.09E+00
3220,9.68E-01
3221,9.84E-01
3222,1.14E+00
3223,1.20E+00
3224,1.10E+00
3225,9.68E-01
3226,9.37E-01
3227,1.09E+00
3228,1.18E+00
3229,1.15E+00
3230,1.01E+00
3231,9.53E-01
3232,1.01E+00
3233,1.12E+00
3234,1.18E+00
3235,1.12E+00
3236,1.01E+00
3237,9.53E-01
3238,1.01E+00
3239,1.12E+00
3240,1.20E+00
3241,1.14E+00
3242,1.03E+00
3243,9.37E-01
3244,9.84E-01
3245,1.12E+00
3246,1.20E+00
3247,1.17E+00
3248,1.06E+00
3249,9.53E-01
3250,9.84E-01
3251,1.10E+00
3252,1.18E+00
3253,1.14E+00
3254,1.01E+00
3255,9.68E-01
3256,1.03E+00
3257,1.15E+00
3258,1.17E+00
3259,1.06E+00
3260,9.53E-01
3261,9.68E-01
3262,1.09E+00
3263,1.20E+00
3264,1.15E+00
3265,1.01E+00
3266,9.53E-01
3267,1.03E+00
3268,1.15E+00
3269,1.15E+00
3270,1.03E+00
3271,9.68E-01
3272,1.04E+00
3273,1.15E+00
3274,1.17E+00
3275,1.06E+00
3276,9.53E-01
3277,9.68E-01
3278,1.09E+00
3279,1.18E+00
3280,1.17E+00
3281,1.07E+00
3282,9.68E-01
3283,9.53E-01
3284,1.00E+00
3285,1.10E+00
3286,1.17E+00
3287,1.18E+00
3288,1.12E+00
3289,1.03E+00
3290,9.68E-01
3291,9.53E-01
3292,1.01E+00
3293,1.09E+00
3294,1.17E+00
3295,1.18E+00
3296,1.12E+00
3297,1.04E+00
3298,9.84E-01
3299,9.68E-01
3300,9.84E-01
3301,1.07E+00
3302,1.14E+00
3303,1.18E+00
3304,1.14E+00
3305,1.06E+00
3306,9.68E-01
3307,1.00E+00
3308,1.07E+00
3309,1.15E+00
3310,1.15E+00
3311,1.04E+00
3312,9.68E-01
3313,1.03E+00
3314,1.17E+00
3315,1.17E+00
3316,1.06E+00
3317,9.68E-01
3318,1.00E+00
3319,1.12E+00
3320,1.18E+00
3321,1.10E+00
3322,1.00E+00
3323,9.84E-01
3324,1.07E+00
3325,1.15E+00
3326,1.14E+00
3327,1.06E+00
3328,9.84E-01
3329,9.84E-01
3330,1.07E+00
3331,1.15E+00
3332,1.18E+00
3333,1.10E+00
3334,1.01E+00
3335,9.53E-01
3336,1.00E+00
3337,1.09E+00
3338,1.17E+00
3339,1.18E+00
3340,1.10E+00
3341,1.00E+00
3342,9.53E-01
3343,1.00E+00
3344,1.10E+00
3345,1.18E+00
3346,1.17E+00
3347,1.07E+00
3348,9.84E-01
3349,9.84E-01
3350,1.07E+00
3351,1.15E+00
3352,1.15E+00
3353,1.06E+00
3354,9.84E-01
3355,1.03E+00
3356,1.14E+00
3357,1.18E+00
3358,1.09E+00
3359,9.68E-01
3360,9.84E-01
3361,1.10E+00
3362,1.17E+00
3363,1.09E+00
3364,9.84E-01
3365,1.01E+00
3366,1.12E+00
3367,1.15E+00
3368,1.06E+00
3369,9.68E-01
3370,1.03E+00
3371,1.15E+00
3372,1.18E+00
3373,1.09E+00
3374,9.84E-01
3375,1.01E+00
3376,1.12E+00
3377,1.10E+00
3378,9.84E-01
3379,1.03E+00
3380,1.14E+00
3381,1.18E+00
3382,1.14E+00
3383,1.01E+00
3384,9.68E-01
3385,1.06E+00
3386,1.15E+00
3387,1.15E+00
3388,1.03E+00
3389,1.00E+00
3390,1.09E+00
3391,1.15E+00
3392,1.07E+00
3393,9.68E-01
3394,1.03E+00
3395,1.17E+00
3396,1.12E+00
3397,1.01E+00
3398,1.01E+00
3399,1.12E+00
3400,1.14E+00
3401,1.04E+00
3402,9.68E-01
3403,1.07E+00
3404,1.18E+00
3405,1.10E+00
3406,1.00E+00
3407,1.04E+00
3408,1.14E+00
3409,1.12E+00
3410,1.00E+00
3411,1.00E+00
3412,1.14E+00
3413,1.15E+00
3414,1.04E+00
3415,1.00E+00
3416,1.10E+00
3417,1.14E+00
3418,1.04E+00
3419,9.68E-01
3420,1.07E+00
3421,1.17E+00
3422,1.07E+00
3423,1.00E+00
3424,1.06E+00
3425,1.15E+00
3426,1.09E+00
3427,1.00E+00
3428,1.01E+00
3429,1.10E+00
3430,1.18E+00
3431,1.09E+00
3432,1.00E+00
3433,1.03E+00
3434,1.12E+00
3435,1.14E+00
3436,1.07E+00
3437,1.00E+00
3438,1.04E+00
3439,1.14E+00
3440,1.15E+00
3441,1.06E+00
3442,9.84E-01
3443,1.03E+00
3444,1.14E+00
3445,1.15E+00
3446,1.04E+00
3447,1.01E+00
3448,1.10E+00
3449,1.15E+00
3450,1.06E+00
3451,9.84E-01
3452,1.07E+00
3453,1.15E+00
3454,1.10E+00
3455,1.03E+00
3456,1.04E+00
3457,1.12E+00
3458,1.12E+00
3459,1.01E+00
3460,1.00E+00
3461,1.09E+00
3462,1.17E+00
3463,1.10E+00
3464,1.01E+00
3465,1.03E+00
3466,1.10E+00
3467,1.14E+00
3468,1.09E+00
3469,1.03E+00
3470,1.00E+00
3471,1.09E+00
3472,1.17E+00
3473,1.12E+00
3474,1.01E+00
3475,1.00E+00
3476,1.07E+00
3477,1.14E+00
3478,1.09E+00
3479,1.01E+00
3480,1.04E+00
3481,1.12E+00
3482,1.15E+00
3483,1.07E+00
3484,9.84E-01
3485,1.04E+00
3486,1.15E+00
3487,1.12E+00
3488,1.03E+00
3489,1.06E+00
3490,1.14E+00
3491,1.07E+00
3492,1.00E+00
3493,1.06E+00
3494,1.14E+00
3495,1.10E+00
3496,1.01E+00
3497,1.06E+00
3498,1.14E+00
3499,1.12E+00
3500,1.01E+00
3501,1.00E+00
3502,1.06E+00
3503,1.14E+00
3504,1.14E+00
3505,1.09E+00
3506,1.01E+00
3507,1.01E+00
3508,1.04E+00
3509,1.10E+00
3510,1.14E+00
3511,1.12E+00
3512,1.09E+00
3513,1.04E+00
3514,1.01E+00
3515,1.03E+00
3516,1.06E+00
3517,1.10E+00
3518,1.14E+00
3519,1.14E+00
3520,1.10E+00
3521,1.07E+00
3522,1.03E+00
3523,1.01E+00
3524,1.03E+00
3525,1.07E+00
3526,1.12E+00
3527,1.14E+00
3528,1.12E+00
3529,1.09E+00
3530,1.04E+00
3531,1.01E+00
3532,1.06E+00
3533,1.10E+00
3534,1.14E+00
3535,1.09E+00
3536,1.03E+00
3537,1.01E+00
3538,1.07E+00
3539,1.14E+00
3540,1.14E+00
3541,1.07E+00
3542,1.01E+00
3543,1.00E+00
3544,1.07E+00
3545,1.15E+00
3546,1.14E+00
3547,1.09E+00
3548,1.04E+00
3549,1.01E+00
3550,1.01E+00
3551,1.04E+00
3552,1.07E+00
3553,1.12E+00
3554,1.15E+00
3555,1.15E+00
3556,1.12E+00
3557,1.07E+00
3558,1.01E+00
3559,1.00E+00
3560,1.01E+00
3561,1.04E+00
3562,1.10E+00
3563,1.15E+00
3564,1.15E+00
3565,1.12E+00
3566,1.07E+00
3567,1.06E+00
3568,1.01E+00
3569,1.00E+00
3570,1.03E+00
3571,1.06E+00
3572,1.10E+00
3573,1.14E+00
3574,1.14E+00
3575,1.10E+00
3576,1.06E+00
3577,1.01E+00
3578,1.03E+00
3579,1.06E+00
3580,1.12E+00
3581,1.15E+00
3582,1.14E+00
3583,1.07E+00
3584,1.01E+00
3585,1.00E+00
3586,1.06E+00
3587,1.12E+00
3588,1.15E+00
3589,1.12E+00
3590,1.06E+00
3591,1.01E+00
3592,1.01E+00
3593,1.07E+00
3594,1.12E+00
3595,1.14E+00
3596,1.12E+00
3597,1.07E+00
3598,1.03E+00
3599,1.01E+00
3600,1.04E+00
3601,1.09E+00
3602,1.12E+00
3603,1.14E+00
3604,1.14E+00
3605,1.14E+00
3606,1.09E+00
3607,1.04E+00
3608,1.01E+00
3609,1.00E+00
3610,1.01E+00
3611,1.04E+00
3612,1.10E+00
3613,1.15E+00
3614,1.15E+00
3615,1.12E+00
3616,1.07E+00
3617,1.03E+00
3618,1.01E+00
3619,1.03E+00
3620,1.07E+00
3621,1.12E+00
3622,1.15E+00
3623,1.14E+00
3624,1.10E+00
3625,1.04E+00
3626,1.01E+00
3627,1.01E+00
3628,1.07E+00
3629,1.14E+00
3630,1.15E+00
3631,1.10E+00
3632,1.04E+00
3633,1.01E+00
3634,1.04E+00
3635,1.09E+00
3636,1.12E+00
3637,1.15E+00
3638,1.12E+00
3639,1.06E+00
3640,1.03E+00
3641,1.03E+00
3642,1.07E+00
3643,1.10E+00
3644,1.14E+00
3645,1.12E+00
3646,1.07E+00
3647,1.04E+00
3648,1.03E+00
3649,1.06E+00
3650,1.10E+00
3651,1.12E+00
3652,1.12E+00
3653,1.09E+00
3654,1.04E+00
3655,1.04E+00
3656,1.06E+00
3657,1.09E+00
3658,1.10E+00
3659,1.12E+00
3660,1.10E+00
3661,1.09E+00
3662,1.07E+00
3663,1.04E+00
3664,1.04E+00
3665,1.03E+00
3666,1.04E+00
3667,1.07E+00
3668,1.12E+00
3669,1.14E+00
3670,1.12E+00
3671,1.09E+00
3672,1.06E+00
3673,1.03E+00
3674,1.04E+00
3675,1.06E+00
3676,1.09E+00
3677,1.12E+00
3678,1.14E+00
3679,1.12E+00
3680,1.09E+00
3681,1.04E+00
3682,1.03E+00
3683,1.04E+00
3684,1.07E+00
3685,1.10E+00
3686,1.14E+00
3687,1.12E+00
3688,1.09E+00
3689,1.04E+00
3690,1.04E+00
3691,1.04E+00
3692,1.09E+00
3693,1.12E+00
3694,1.12E+00
3695,1.10E+00
3696,1.06E+00
3697,1.04E+00
3698,1.04E+00
3699,1.06E+00
3700,1.09E+00
3701,1.12E+00
3702,1.12E+00
3703,1.12E+00
3704,1.09E+00
3705,1.07E+00
3706,1.04E+00
3707,1.03E+00
3708,1.03E+00
3709,1.06E+00
3710,1.10E+00
3711,1.12E+00
3712,1.14E+00
3713,1.14E+00
3714,1.10E+00
3715,1.06E+00
3716,1.03E+00
3717,1.01E+00
3718,1.03E+00
3719,1.06E+00
3720,1.10E+00
3721,1.14E+00
3722,1.15E+00
3723,1.12E+00
3724,1.07E+00
3725,1.03E+00
3726,1.01E+00
3727,1.03E+00
3728,1.07E+00
3729,1.12E+00
3730,1.15E+00
3731,1.14E+00
3732,1.10E+00
3733,1.07E+00
3734,1.04E+00
3735,1.03E+00
3736,1.04E+00
3737,1.07E+00
3738,1.12E+00
3739,1.14E+00
3740,1.12E+00
3741,1.09E+00
3742,1.04E+00
3743,1.03E+00
3744,1.03E+00
3745,1.06E+00
3746,1.10E+00
3747,1.14E+00
3748,1.14E+00
3749,1.10E+00
3750,1.07E+00
3751,1.04E+00
3752,1.03E+00
3753,1.04E+00
3754,1.10E+00
3755,1.14E+00
3756,1.14E+00
3757,1.12E+00
3758,1.07E+00
3759,1.03E+00
3760,1.03E+00
3761,1.06E+00
3762,1.12E+00
3763,1.14E+00
3764,1.14E+00
3765,1.09E+00
3766,1.04E+00
3767,1.03E+00
3768,1.04E+00
3769,1.09E+00
3770,1.12E+00
3771,1.15E+00
3772,1.12E+00
3773,1.09E+00
3774,1.04E+00
3775,1.03E+00
3776,1.03E+00
3777,1.07E+00
3778,1.10E+00
3779,1.14E+00
3780,1.14E+00
3781,1.10E+00
3782,1.07E+00
3783,1.03E+00
3784,1.03E+00
3785,1.04E+00
3786,1.09E+00
3787,1.14E+00
3788,1.14E+00
3789,1.09E+00
3790,1.04E+00
3791,1.03E+00
3792,1.06E+00
3793,1.10E+00
3794,1.12E+00
3795,1.12E+00
3796,1.09E+00
3797,1.06E+00
3798,1.04E+00
3799,1.06E+00
3800,1.10E+00
3801,1.12E+00
3802,1.09E+00
3803,1.06E+00
3804,1.06E+00
3805,1.09E+00
3806,1.12E+00
3807,1.12E+00
3808,1.09E+00
3809,1.03E+00
3810,1.04E+00
3811,1.09E+00
3812,1.14E+00
3813,1.14E+00
3814,1.07E+00
3815,1.04E+00
3816,1.04E+00
3817,1.09E+00
3818,1.10E+00
3819,1.10E+00
3820,1.09E+00
3821,1.06E+00
3822,1.06E+00
3823,1.09E+00
3824,1.10E+00
3825,1.12E+00
3826,1.10E+00
3827,1.07E+00
3828,1.06E+00
3829,1.06E+00
3830,1.06E+00
3831,1.09E+00
3832,1.12E+00
3833,1.12E+00
3834,1.09E+00
3835,1.06E+00
3836,1.04E+00
3837,1.09E+00
3838,1.14E+00
3839,1.12E+00
3840,1.06E+00
3841,1.03E+00
3842,1.07E+00
3843,1.12E+00
3844,1.10E+00
3845,1.06E+00
3846,1.06E+00
3847,1.10E+00
3848,1.14E+00
3849,1.09E+00
3850,1.04E+00
3851,1.03E+00
3852,1.07E+00
3853,1.12E+00
3854,1.12E+00
3855,1.09E+00
3856,1.04E+00
3857,1.06E+00
3858,1.09E+00
3859,1.10E+00
3860,1.10E+00
3861,1.09E+00
3862,1.07E+00
3863,1.06E+00
3864,1.06E+00
3865,1.07E+00
3866,1.09E+00
3867,1.09E+00
3868,1.10E+00
3869,1.10E+00
3870,1.09E+00
3871,1.07E+00
3872,1.06E+00
3873,1.07E+00
3874,1.09E+00
3875,1.10E+00
3876,1.10E+00
3877,1.07E+00
3878,1.06E+00
3879,1.06E+00
3880,1.10E+00
3881,1.14E+00
3882,1.10E+00
3883,1.07E+00
3884,1.04E+00
3885,1.03E+00
3886,1.06E+00
3887,1.10E+00
3888,1.12E+00
3889,1.14E+00
3890,1.12E+00
3891,1.07E+00
3892,1.03E+00
3893,1.04E+00
3894,1.09E+00
3895,1.14E+00
3896,1.12E+00
3897,1.09E+00
3898,1.06E+00
3899,1.06E+00
3900,1.07E+00
3901,1.10E+00
3902,1.10E+00
3903,1.07E+00
3904,1.06E+00
3905,1.07E+00
3906,1.12E+00
3907,1.12E+00
3908,1.07E+00
3909,1.04E+00
3910,1.07E+00
3911,1.10E+00
3912,1.14E+00
3913,1.14E+00
3914,1.12E+00
3915,1.07E+00
3916,1.04E+00
3917,1.04E+00
3918,1.06E+00
3919,1.10E+00
3920,1.12E+00
3921,1.12E+00
3922,1.10E+00
3923,1.07E+00
3924,1.06E+00
3925,1.06E+00
3926,1.09E+00
3927,1.10E+00
3928,1.10E+00
3929,1.07E+00
3930,1.07E+00
3931,1.09E+00
3932,1.12E+00
3933,1.07E+00
3934,1.03E+00
3935,1.09E+00
3936,1.12E+00
3937,1.10E+00
3938,1.09E+00
3939,1.06E+00
3940,1.09E+00
3941,1.10E+00
3942,1.06E+00
3943,1.04E+00
3944,1.10E+00
3945,1.10E+00
3946,1.07E+00
3947,1.07E+00
3948,1.07E+00
3949,1.10E+00
3950,1.10E+00
3951,1.06E+00
3952,1.04E+00
3953,1.09E+00
3954,1.12E+00
3955,1.10E+00
3956,1.07E+00
3957,1.04E+00
3958,1.04E+00
3959,1.07E+00
3960,1.09E+00
3961,1.10E+00
3962,1.10E+00
3963,1.09E+00
3964,1.07E+00
3965,1.06E+00
3966,1.07E+00
3967,1.10E+00
3968,1.10E+00
3969,1.07E+00
3970,1.06E+00
3971,1.07E+00
3972,1.10E+00
3973,1.12E+00
3974,1.06E+00
3975,1.04E+00
3976,1.07E+00
3977,1.10E+00
3978,1.06E+00
3979,1.07E+00
3980,1.12E+00
3981,1.14E+00
3982,1.09E+00
3983,1.04E+00
3984,1.04E+00
3985,1.07E+00
3986,1.10E+00
3987,1.10E+00
3988,1.07E+00
3989,1.09E+00
3990,1.10E+00
3991,1.10E+00
3992,1.06E+00
3993,1.04E+00
3994,1.09E+00
3995,1.12E+00
3996,1.10E+00
3997,1.06E+00
3998,1.09E+00
3999,1.10E+00
4000,1.06E+00
4001,1.06E+00
4002,1.10E+00
4003,1.06E+00
4004,1.10E+00
4005,1.12E+00
4006,1.07E+00
4007,1.07E+00
4008,1.10E+00
4009,1.06E+00
4010,1.06E+00
4011,1.10E+00
4012,1.10E+00
4013,1.07E+00
4014,1.12E+00
4015,1.10E+00
4016,1.07E+00
4017,1.04E+00
4018,1.07E+00
4019,1.10E+00
4020,1.09E+00
4021,1.07E+00
4022,1.12E+00
4023,1.09E+00
4024,1.06E+00
4025,1.09E+00
4026,1.09E+00
4027,1.06E+00
4028,1.09E+00
4029,1.12E+00
4030,1.07E+00
4031,1.07E+00
4032,1.10E+00
4033,1.09E+00
4034,1.04E+00
4035,1.06E+00
4036,1.10E+00
4037,1.10E+00
4038,1.07E+00
4039,1.09E+00
4040,1.12E+00
4041,1.09E+00
4042,1.06E+00
4043,1.04E+00
4044,1.06E+00
4045,1.10E+00
4046,1.12E+00
4047,1.09E+00
4048,1.07E+00
4049,1.09E+00
4050,1.09E+00
4051,1.04E+00
4052,1.06E+00
4053,1.10E+00
4054,1.10E+00
4055,1.07E+00
4056,1.07E+00
4057,1.10E+00
4058,1.09E+00
4059,1.06E+00
4060,1.04E+00
4061,1.10E+00
4062,1.10E+00
4063,1.07E+00
4064,1.07E+00
4065,1.12E+00
4066,1.09E+00
4067,1.04E+00
4068,1.07E+00
4069,1.10E+00
4070,1.07E+00
4071,1.09E+00
4072,1.12E+00
4073,1.06E+00
4074,1.07E+00
4075,1.09E+00
4076,1.07E+00
4077,1.06E+00
4078,1.09E+00
4079,1.10E+00
4080,1.07E+00
4081,1.10E+00
4082,1.09E+00
4083,1.04E+00
4084,1.07E+00
4085,1.09E+00
4086,1.09E+00
4087,1.07E+00
4088,1.09E+00
4089,1.12E+00
4090,1.10E+00
4091,1.06E+00
4092,1.04E+00
4093,1.06E+00
4094,1.09E+00
4095,1.12E+00
4096,1.10E+00
4097,1.09E+00
4098,1.06E+00
4099,1.06E+00
4100,1.07E+00
4101,1.09E+00
4102,1.09E+00
4103,1.07E+00
4104,1.06E+00
4105,1.09E+00
4106,1.12E+00
4107,1.09E+00
4108,1.04E+00
4109,1.06E+00
4110,1.09E+00
4111,1.10E+00
4112,1.10E+00
4113,1.07E+00
4114,1.07E+00
4115,1.10E+00
4116,1.10E+00
4117,1.06E+00
4118,1.04E+00
4119,1.07E+00
4120,1.10E+00
4121,1.09E+00
4122,1.07E+00
4123,1.09E+00
4124,1.09E+00
4125,1.04E+00
4126,1.06E+00
4127,1.09E+00
4128,1.07E+00
4129,1.07E+00
4130,1.09E+00
4131,1.10E+00
4132,1.09E+00
4133,1.06E+00
4134,1.06E+00
4135,1.09E+00
4136,1.06E+00
4137,1.07E+00
4138,1.10E+00
4139,1.10E+00
4140,1.06E+00
4141,1.06E+00
4142,1.09E+00
4143,1.07E+00
4144,1.04E+00
4145,1.09E+00
4146,1.10E+00
4147,1.10E+00
4148,1.06E+00
4149,1.06E+00
4150,1.09E+00
4151,1.09E+00
4152,1.06E+00
4153,1.06E+00
4154,1.09E+00
4155,1.12E+00
4156,1.09E+00
4157,1.06E+00
4158,1.04E+00
4159,1.07E+00
4160,1.09E+00
4161,1.07E+00
4162,1.06E+00
4163,1.09E+00
4164,1.10E+00
4165,1.10E+00
4166,1.07E+00
4167,1.04E+00
4168,1.06E+00
4169,1.09E+00
4170,1.10E+00
4171,1.10E+00
4172,1.07E+00
4173,1.06E+00
4174,1.06E+00
4175,1.07E+00
4176,1.09E+00
4177,1.07E+00
4178,1.07E+00
4179,1.07E+00
4180,1.07E+00
4181,1.10E+00
4182,1.10E+00
4183,1.06E+00
4184,1.04E+00
4185,1.07E+00
4186,1.09E+00
4187,1.07E+00
4188,1.07E+00
4189,1.10E+00
4190,1.09E+00
4191,1.06E+00
4192,1.04E+00
4193,1.07E+00
4194,1.09E+00
4195,1.06E+00
4196,1.07E+00
4197,1.12E+00
4198,1.07E+00
4199,1.06E+00
4200,1.06E+00
4201,1.07E+00
4202,1.09E+00
4203,1.07E+00
4204,1.07E+00
4205,1.07E+00
4206,1.06E+00
4207,1.06E+00
4208,1.09E+00
4209,1.06E+00
4210,1.06E+00
4211,1.09E+00
4212,1.09E+00
4213,1.07E+00
4214,1.07E+00
4215,1.09E+00
4216,1.07E+00
4217,1.04E+00
4218,1.09E+00
4219,1.07E+00
4220,1.06E+00
4221,1.09E+00
4222,1.10E+00
4223,1.09E+00
4224,1.04E+00
4225,1.06E+00
4226,1.07E+00
4227,1.09E+00
4228,1.07E+00
4229,1.07E+00
4230,1.10E+00
4231,1.09E+00
4232,1.04E+00
4233,1.06E+00
4234,1.07E+00
4235,1.04E+00
4236,1.06E+00
4237,1.09E+00
4238,1.10E+00
4239,1.09E+00
4240,1.06E+00
4241,1.06E+00
4242,1.07E+00
4243,1.04E+00
4244,1.07E+00
4245,1.10E+00
4246,1.07E+00
4247,1.07E+00
4248,1.10E+00
4249,1.07E+00
4250,1.04E+00
4251,1.06E+00
4252,1.09E+00
4253,1.09E+00
4254,1.07E+00
4255,1.09E+00
4256,1.10E+00
4257,1.06E+00
4258,1.06E+00
4259,1.07E+00
4260,1.04E+00
4261,1.06E+00
4262,1.10E+00
4263,1.10E+00
4264,1.07E+00
4265,1.07E+00
4266,1.09E+00
4267,1.06E+00
4268,1.06E+00
4269,1.09E+00
4270,1.07E+00
4271,1.09E+00
4272,1.10E+00
4273,1.07E+00
4274,1.06E+00
4275,1.09E+00
4276,1.07E+00
4277,1.04E+00
4278,1.07E+00
4279,1.10E+00
4280,1.09E+00
4281,1.07E+00
4282,1.09E+00
4283,1.07E+00
4284,1.04E+00
4285,1.07E+00
4286,1.09E+00
4287,1.06E+00
4288,1.09E+00
4289,1.10E+00
4290,1.07E+00
4291,1.06E+00
4292,1.09E+00
4293,1.04E+00
4294,1.09E+00
4295,1.07E+00
4296,1.09E+00
4297,1.10E+00
4298,1.06E+00
4299,1.07E+00
4300,1.06E+00
4301,1.04E+00
4302,1.09E+00
4303,1.06E+00
4304,1.09E+00
4305,1.09E+00
4306,1.07E+00
4307,1.09E+00
4308,1.04E+00
4309,1.07E+00
4310,1.06E+00
4311,1.06E+00
4312,1.10E+00
4313,1.09E+00
4314,1.07E+00
4315,1.09E+00
4316,1.07E+00
4317,1.04E+00
4318,1.09E+00
4319,1.06E+00
4320,1.07E+00
4321,1.10E+00
4322,1.07E+00
4323,1.09E+00
4324,1.07E+00
4325,1.04E+00
4326,1.07E+00
4327,1.07E+00
4328,1.06E+00
4329,1.10E+00
4330,1.07E+00
4331,1.09E+00
4332,1.09E+00
4333,1.04E+00
4334,1.07E+00
4335,1.06E+00
4336,1.07E+00
4337,1.09E+00
4338,1.07E+00
4339,1.10E+00
4340,1.07E+00
4341,1.07E+00
4342,1.06E+00
4343,1.04E+00
4344,1.07E+00
4345,1.07E+00
4346,1.10E+00
4347,1.07E+00
4348,1.10E+00
4349,1.04E+00
4350,1.07E+00
4351,1.03E+00
4352,1.09E+00
4353,1.06E+00
4354,1.09E+00
4355,1.09E+00
4356,1.09E+00
4357,1.07E+00
4358,1.06E+00
4359,1.07E+00
4360,1.04E+00
4361,1.09E+00
4362,1.06E+00
4363,1.09E+00
4364,1.07E+00
4365,1.07E+00
4366,1.06E+00
4367,1.06E+00
4368,1.07E+00
4369,1.06E+00
4370,1.09E+00
4371,1.07E+00
4372,1.10E+00
4373,1.07E+00
4374,1.09E+00
4375,1.04E+00
4376,1.07E+00
4377,1.04E+00
4378,1.09E+00
4379,1.06E+00
4380,1.10E+00
4381,1.07E+00
4382,1.09E+00
4383,1.06E+00
4384,1.06E+00
4385,1.06E+00
4386,1.07E+00
4387,1.09E+00
4388,1.07E+00
4389,1.10E+00
4390,1.06E+00
4391,1.07E+00
4392,1.06E+00
4393,1.06E+00
4394,1.07E+00
4395,1.07E+00
4396,1.09E+00
4397,1.07E+00
4398,1.09E+00
4399,1.06E+00
4400,1.04E+00
4401,1.04E+00
4402,1.07E+00
4403,1.07E+00
4404,1.07E+00
4405,1.07E+00
4406,1.09E+00
4407,1.09E+00
4408,1.04E+00
4409,1.04E+00
4410,1.06E+00
4411,1.06E+00
4412,1.09E+00
4413,1.06E+00
4414,1.07E+00
4415,1.09E+00
4416,1.07E+00
4417,1.07E+00
4418,1.07E+00
4419,1.07E+00
4420,1.09E+00
4421,1.10E+00
4422,1.10E+00
4423,1.07E+00
4424,1.07E+00
4425,1.04E+00
4426,1.07E+00
4427,1.07E+00
4428,1.09E+00
4429,1.10E+00
4430,1.10E+00
4431,1.07E+00
4432,1.07E+00
4433,1.07E+00
4434,1.07E+00
4435,1.07E+00
4436,1.06E+00
4437,1.07E+00
4438,1.07E+00
4439,1.06E+00
4440,1.07E+00
4441,1.04E+00
4442,1.06E+00
4443,1.07E+00
4444,1.04E+00
4445,1.06E+00
4446,1.07E+00
4447,1.07E+00
4448,1.06E+00
4449,1.07E+00
4450,1.07E+00
4451,1.07E+00
4452,1.07E+00
4453,1.09E+00
4454,1.09E+00
4455,1.07E+00
4456,1.06E+00
4457,1.06E+00
4458,1.04E+00
4459,1.04E+00
4460,1.06E+00
4461,1.09E+00
4462,1.10E+00
4463,1.10E+00
4464,1.10E+00
4465,1.07E+00
4466,1.06E+00
4467,1.04E+00
4468,1.06E+00
4469,1.09E+00
4470,1.10E+00
4471,1.09E+00
4472,1.07E+00
4473,1.07E+00
4474,1.07E+00
4475,1.07E+00
4476,1.07E+00
4477,1.09E+00
4478,1.10E+00
4479,1.09E+00
4480,1.09E+00
4481,1.07E+00
4482,1.07E+00
4483,1.06E+00
4484,1.07E+00
4485,1.09E+00
4486,1.09E+00
4487,1.10E+00
4488,1.10E+00
4489,1.09E+00
4490,1.07E+00
4491,1.06E+00
4492,1.04E+00
4493,1.04E+00
4494,1.06E+00
4495,1.07E+00
4496,1.09E+00
4497,1.10E+00
4498,1.10E+00
4499,1.09E+00
4500,1.07E+00
4501,1.06E+00
4502,1.06E+00
4503,1.07E+00
4504,1.09E+00
4505,1.10E+00
4506,1.10E+00
4507,1.09E+00
4508,1.06E+00
4509,1.04E+00
4510,1.04E+00
4511,1.07E+00
4512,1.09E+00
4513,1.10E+00
4514,1.10E+00
4515,1.09E+00
4516,1.06E+00
4517,1.04E+00
4518,1.04E+00
4519,1.06E+00
4520,1.06E+00
4521,1.07E+00
4522,1.09E+00
4523,1.09E+00
4524,1.09E+00
4525,1.09E+00
4526,1.06E+00
4527,1.06E+00
4528,1.07E+00
4529,1.09E+00
4530,1.12E+00
4531,1.10E+00
4532,1.06E+00
4533,1.06E+00
4534,1.07E+00
4535,1.09E+00
4536,1.06E+00
4537,1.09E+00
4538,1.10E+00
4539,1.09E+00
4540,1.06E+00
4541,1.07E+00
4542,1.07E+00
4543,1.06E+00
4544,1.06E+00
4545,1.09E+00
4546,1.10E+00
4547,1.07E+00
4548,1.07E+00
4549,1.09E+00
4550,1.06E+00
4551,1.04E+00
4552,1.06E+00
4553,1.09E+00
4554,1.07E+00
4555,1.07E+00
4556,1.09E+00
4557,1.09E+00
4558,1.06E+00
4559,1.06E+00
4560,1.09E+00
4561,1.09E+00
4562,1.07E+00
4563,1.09E+00
4564,1.09E+00
4565,1.07E+00
4566,1.06E+00
4567,1.07E+00
4568,1.07E+00
4569,1.06E+00
4570,1.07E+00
4571,1.10E+00
4572,1.07E+00
4573,1.07E+00
4574,1.09E+00
4575,1.04E+00
4576,1.04E+00
4577,1.07E+00
4578,1.09E+00
4579,1.07E+00
4580,1.09E+00
4581,1.10E+00
4582,1.07E+00
4583,1.04E+00
4584,1.06E+00
4585,1.07E+00
4586,1.06E+00
4587,1.07E+00
4588,1.09E+00
4589,1.09E+00
4590,1.06E+00
4591,1.06E+00
4592,1.07E+00
4593,1.06E+00
4594,1.06E+00
4595,1.10E+00
4596,1.09E+00
4597,1.07E+00
4598,1.09E+00
4599,1.07E+00
4600,1.04E+00
4601,1.06E+00
4602,1.07E+00
4603,1.07E+00
4604,1.06E+00
4605,1.09E+00
4606,1.09E+00
4607,1.06E+00
4608,1.06E+00
4609,1.07E+00
4610,1.06E+00
4611,1.06E+00
4612,1.09E+00
4613,1.09E+00
4614,1.07E+00
4615,1.06E+00
4616,1.07E+00
4617,1.06E+00
4618,1.04E+00
4619,1.07E+00
4620,1.09E+00
4621,1.07E+00
4622,1.06E+00
4623,1.09E+00
4624,1.07E+00
4625,1.04E+00
4626,1.04E+00
4627,1.06E+00
4628,1.09E+00
4629,1.09E+00
4630,1.09E+00
4631,1.06E+00
4632,1.06E+00
4633,1.04E+00
4634,1.04E+00
4635,1.06E+00
4636,1.07E+00
4637,1.09E+00
4638,1.09E+00
4639,1.09E+00
4640,1.09E+00
4641,1.09E+00
4642,1.07E+00
4643,1.07E+00
4644,1.07E+00
4645,1.09E+00
4646,1.10E+00
4647,1.09E+00
4648,1.09E+00
4649,1.07E+00
4650,1.07E+00
4651,1.07E+00
4652,1.07E+00
4653,1.09E+00
4654,1.09E+00
4655,1.09E+00
4656,1.09E+00
4657,1.07E+00
4658,1.06E+00
4659,1.06E+00
4660,1.06E+00
4661,1.06E+00
4662,1.06E+00
4663,1.07E+00
4664,1.07E+00
4665,1.06E+00
4666,1.04E+00
4667,1.06E+00
4668,1.06E+00
4669,1.06E+00
4670,1.07E+00
4671,1.09E+00
4672,1.10E+00
4673,1.09E+00
4674,1.07E+00
4675,1.07E+00
4676,1.07E+00
4677,1.06E+00
4678,1.06E+00
4679,1.07E+00
4680,1.09E+00
4681,1.10E+00
4682,1.09E+00
4683,1.09E+00
4684,1.07E+00
4685,1.09E+00
4686,1.09E+00
4687,1.09E+00
4688,1.07E+00
4689,1.09E+00
4690,1.07E+00
4691,1.06E+00
4692,1.06E+00
4693,1.04E+00
4694,1.07E+00
4695,1.09E+00
4696,1.10E+00
4697,1.10E+00
4698,1.07E+00
4699,1.06E+00
4700,1.04E+00
4701,1.06E+00
4702,1.07E+00
4703,1.07E+00
4704,1.09E+00
4705,1.07E+00
4706,1.09E+00
4707,1.07E+00
4708,1.06E+00
4709,1.06E+00
4710,1.06E+00
4711,1.06E+00
4712,1.09E+00
4713,1.09E+00
4714,1.07E+00
4715,1.07E+00
4716,1.06E+00
4717,1.06E+00
4718,1.06E+00
4719,1.06E+00
4720,1.09E+00
4721,1.09E+00
4722,1.09E+00
4723,1.07E+00
4724,1.06E+00
4725,1.06E+00
4726,1.06E+00
4727,1.06E+00
4728,1.07E+00
4729,1.09E+00
4730,1.09E+00
4731,1.07E+00
4732,1.07E+00
4733,1.06E+00
4734,1.06E+00
4735,1.06E+00
4736,1.07E+00
4737,1.09E+00
4738,1.09E+00
4739,1.09E+00
4740,1.07E+00
4741,1.06E+00
4742,1.06E+00
4743,1.06E+00
4744,1.07E+00
4745,1.07E+00
4746,1.09E+00
4747,1.09E+00
4748,1.09E+00
4749,1.06E+00
4750,1.06E+00
4751,1.06E+00
4752,1.07E+00
4753,1.09E+00
4754,1.09E+00
4755,1.09E+00
4756,1.09E+00
4757,1.07E+00
4758,1.07E+00
4759,1.06E+00
4760,1.06E+00
4761,1.07E+00
4762,1.09E+00
4763,1.09E+00
4764,1.09E+00
4765,1.09E+00
4766,1.07E+00
4767,1.07E+00
4768,1.07E+00
4769,1.07E+00
4770,1.09E+00
4771,1.09E+00
4772,1.10E+00
4773,1.09E+00
4774,1.07E+00
4775,1.07E+00
4776,1.06E+00
4777,1.07E+00
4778,1.09E+00
4779,1.09E+00
4780,1.10E+00
4781,1.09E+00
4782,1.09E+00
4783,1.07E+00
4784,1.06E+00
4785,1.06E+00
4786,1.07E+00
4787,1.09E+00
4788,1.09E+00
4789,1.09E+00
4790,1.07E+00
4791,1.07E+00
4792,1.06E+00
4793,1.06E+00
4794,1.07E+00
4795,1.09E+00
4796,1.09E+00
4797,1.09E+00
4798,1.07E+00
4799,1.07E+00
4800,1.06E+00
4801,1.06E+00
4802,1.07E+00
4803,1.07E+00
4804,1.09E+00
4805,1.09E+00
4806,1.09E+00
4807,1.07E+00
4808,1.07E+00
4809,1.07E+00
4810,1.07E+00
4811,1.09E+00
4812,1.09E+00
4813,1.10E+00
4814,1.09E+00
4815,1.09E+00
4816,1.07E+00
4817,1.07E+00
4818,1.07E+00
4819,1.07E+00
4820,1.09E+00
4821,1.10E+00
4822,1.10E+00
4823,1.09E+00
4824,1.07E+00
4825,1.07E+00
4826,1.07E+00
4827,1.07E+00
4828,1.09E+00
4829,1.10E+00
4830,1.10E+00
4831,1.09E+00
4832,1.09E+00
4833,1.07E+00
4834,1.07E+00
4835,1.07E+00
4836,1.07E+00
4837,1.10E+00
4838,1.10E+00
4839,1.09E+00
4840,1.09E+00
4841,1.07E+00
4842,1.07E+00
4843,1.07E+00
4844,1.07E+00
4845,1.10E+00
4846,1.10E+00
4847,1.10E+00
4848,1.09E+00
4849,1.07E+00
4850,1.07E+00
4851,1.07E+00
4852,1.09E+00
4853,1.09E+00
4854,1.09E+00
4855,1.10E+00
4856,1.10E+00
4857,1.09E+00
4858,1.07E+00
4859,1.07E+00
4860,1.07E+00
4861,1.09E+00
4862,1.10E+00
4863,1.10E+00
4864,1.10E+00
4865,1.09E+00
4866,1.07E+00
4867,1.07E+00
4868,1.07E+00
4869,1.09E+00
4870,1.09E+00
4871,1.09E+00
4872,1.10E+00
4873,1.09E+00
4874,1.07E+00
4875,1.07E+00
4876,1.07E+00
4877,1.09E+00
4878,1.09E+00
4879,1.10E+00
4880,1.10E+00
4881,1.09E+00
4882,1.09E+00
4883,1.09E+00
4884,1.07E+00
4885,1.07E+00
4886,1.09E+00
4887,1.09E+00
4888,1.10E+00
4889,1.10E+00
4890,1.09E+00
4891,1.09E+00
4892,1.09E+00
4893,1.09E+00
4894,1.09E+00
4895,1.10E+00
4896,1.10E+00
4897,1.10E+00
4898,1.10E+00
4899,1.09E+00
4900,1.09E+00
4901,1.07E+00
4902,1.09E+00
4903,1.09E+00
4904,1.10E+00
4905,1.10E+00
4906,1.10E+00
4907,1.09E+00
4908,1.07E+00
4909,1.07E+00
4910,1.07E+00
4911,1.09E+00
4912,1.09E+00
4913,1.10E+00
4914,1.10E+00
4915,1.09E+00
4916,1.07E+00
4917,1.07E+00
4918,1.07E+00
4919,1.09E+00
4920,1.09E+00
4921,1.09E+00
4922,1.10E+00
4923,1.09E+00
4924,1.07E+00
4925,1.07E+00
4926,1.07E+00
4927,1.09E+00
4928,1.09E+00
4929,1.10E+00
4930,1.10E+00
4931,1.10E+00
4932,1.07E+00
4933,1.09E+00
4934,1.09E+00
4935,1.09E+00
4936,1.09E+00
4937,1.10E+00
4938,1.10E+00
4939,1.10E+00
4940,1.09E+00
4941,1.09E+00
4942,1.07E+00
4943,1.07E+00
4944,1.09E+00
4945,1.10E+00
4946,1.10E+00
4947,1.10E+00
4948,1.10E+00
4949,1.09E+00
4950,1.07E+00
4951,1.07E+00
4952,1.09E+00
4953,1.10E+00
4954,1.10E+00
4955,1.10E+00
4956,1.10E+00
4957,1.09E+00
4958,1.09E+00
4959,1.07E+00
4960,1.09E+00
4961,1.10E+00
4962,1.10E+00
4963,1.10E+00
4964,1.10E+00
4965,1.09E+00
4966,1.07E+00
4967,1.07E+00
4968,1.07E+00
4969,1.09E+00
4970,1.10E+00
4971,1.10E+00
4972,1.10E+00
4973,1.09E+00
4974,1.09E+00
4975,1.07E+00
4976,1.07E+00
4977,1.09E+00
4978,1.10E+00
4979,1.10E+00
4980,1.10E+00
4981,1.10E+00
4982,1.09E+00
4983,1.09E+00
4984,1.07E+00
4985,1.09E+00
4986,1.09E+00
4987,1.10E+00
4988,1.10E+00
4989,1.10E+00
4990,1.10E+00
4991,1.09E+00
4992,1.07E+00
4993,1.07E+00
4994,1.09E+00
4995,1.10E+00
4996,1.10E+00
4997,1.10E+00
4998,1.10E+00
4999,1.09E+00
5000,1.09E+00